ENST00000474694.1,5.238,126.355,DDX18006
ENST00000354325.2,0.520,3.001,TRERF1003
ENST00000472247.1,11.382,82.167,ERCC5005
ENST00000544551.1,7.106,120.810,RDX201
ENST00000529898.1,13.365,94.489,CTR9005
ENST00000588319.1,89.397,2.814,KRT16002
ENST00000238699.3,0.135,1.090,GPR68201
ENST00000519282.1,0.347,6.517,RP11255B23.1001
ENST00000261623.3,10.708,21.139,CYBA001
ENST00000539648.1,3.505,11.543,APLP2201
ENST00000472229.1,4.141,0.062,MRPS18B005
ENST00000393164.2,2.234,8.189,ATP2B1003
ENST00000390551.2,97.159,630.343,IGHG3001
ENST00000483726.1,0.096,1.340,UBN2002
ENST00000449054.1,0.809,3.874,UBAP2204
ENST00000392715.2,2.523,0.047,EIF5002
ENST00000395862.3,0.250,1.122,ATP6V1C1001
ENST00000312123.9,0.289,1.579,GAPVD1003
ENST00000520945.1,1.387,19.462,STAU2023
ENST00000301653.4,339.160,20.209,KRT16001
ENST00000262753.4,1.733,0.016,POF1B001
ENST00000552760.1,6.914,34.177,PWP1003
ENST00000584577.1,281.577,4.232,RPL38008
ENST00000563158.1,1.194,3.193,DNAJA2002
ENST00000482822.2,36.109,94.011,RSRC1012
ENST00000529593.1,1.945,9.611,C8orf33004
ENST00000375759.3,0.366,3.095,SPEN001
ENST00000375820.4,0.616,3.157,COL4A1001
ENST00000521922.1,0.231,1.817,UBR5003
ENST00000316967.6,3.948,45.455,AC103965.1001
ENST00000511795.1,2.388,84.462,SPAG9012
ENST00000448545.1,0.212,10.956,DDX10P1001
ENST00000450162.2,11.362,153.076,SNRNP27003
ENST00000418574.3,7.780,0.161,RP1169C13.1001
ENST00000465705.1,6.663,14.965,TMCO1002
ENST00000416618.1,85.777,185.550,THOC2014
ENST00000338700.5,1.656,0.036,TRIM2001
ENST00000400259.1,14.328,0.363,CDC42201
ENST00000401026.3,0.404,1.272,CCDC18003
ENST00000560676.1,0.058,47.974,AKAP13007
ENST00000538078.1,0.385,15.671,RP11157G21.2001
ENST00000485439.1,38.440,0.841,RPL35A004
ENST00000534792.1,21.088,237.065,BCLAF1019
ENST00000221419.5,4.372,0.093,HNRNPL001
ENST00000330062.3,2.581,0.036,IDH2001
ENST00000592787.2,16.504,0.758,OAZ1009
ENST00000487909.1,0.096,0.987,MORC3002
ENST00000370459.3,1.040,4.253,GBP5001
ENST00000378743.3,17.833,266.092,ZFC3H1001
ENST00000488854.2,0.154,3.630,WDR52002
ENST00000359204.4,0.154,0.758,FRA10AC1001
ENST00000360270.5,31.064,82.421,MSN001
ENST00000411591.1,3.370,34.333,PCYT1A009
ENST00000374980.2,32.393,65.052,EIF2S2001
ENST00000400825.4,2.638,75.245,MLLT4010
ENST00000475559.1,1.059,7.685,AKR1B10005
ENST00000240316.4,0.578,22.307,COIL001
ENST00000382384.2,3.389,0.099,WIPI2007
ENST00000407280.3,1.945,5.727,IFI30001
ENST00000462207.1,1.579,22.577,PBRM1010
ENST00000504805.2,1.059,62.866,RUFY3009
ENST00000515524.1,49.802,458.179,NSA2003
ENST00000327490.6,22.263,0.748,UBALD2001
ENST00000538155.1,17.891,115.098,ASUN002
ENST00000418458.1,1.387,24.062,GNL3001
ENST00000368707.4,141.337,8.386,S100A2004
ENST00000493802.1,9.302,87.250,GBP2004
ENST00000490682.1,0.404,6.844,CASP8008
ENST00000311111.6,253.864,16.029,RPL38001
ENST00000395566.4,23.206,0.924,MDK005
ENST00000370765.6,0.193,48.161,DST010
ENST00000371146.1,0.135,7.181,USP1201
ENST00000372538.3,1.502,7.597,COMTD1001
ENST00000296930.5,4.314,0.145,NPM1001
ENST00000424010.1,3.948,31.399,AC010980.2003
ENST00000482713.1,0.077,6.278,BOD1L1002
ENST00000546109.1,15.330,85.667,ZCCHC17202
ENST00000380377.4,29.831,54.080,TBCA001
ENST00000320619.6,2.350,0.016,ZNRF1001
ENST00000427371.1,5.835,96.893,UBE2E2005
ENST00000401743.2,0.963,4.408,CD14201
ENST00000426592.2,21.878,140.827,IFI16006
ENST00000466892.1,2.754,10.188,HLAC011
ENST00000384687.1,357.263,0.026,RNVU17201
ENST00000395309.3,4.352,9.824,KTN1201
ENST00000517940.1,3.312,42.563,AP3B1009
ENST00000367964.2,0.732,2.409,FCGR3B003
ENST00000510207.1,61.415,167.433,AIMP1004
ENST00000466448.1,7.260,47.507,SRSF4002
ENST00000491299.1,1.348,8.474,CMSS1005
ENST00000502448.1,0.462,4.133,NFXL1008
ENST00000272139.4,86.239,250.275,C1orf35001
ENST00000354171.8,18.989,0.628,GPX4002
ENST00000494045.1,2.253,45.066,REXO4005
ENST00000355007.3,3.389,0.099,PPP2R4016
ENST00000494166.1,5.739,20.807,CARD10004
ENST00000469408.1,0.674,3.235,PUS7001
ENST00000414907.2,0.289,11.948,NCOA4201
ENST00000359158.7,3.332,136.787,ANKRD12008
ENST00000410080.1,2.003,19.758,PRPF40A001
ENST00000525948.1,0.809,22.068,PUM1015
ENST00000569021.1,3.409,48.078,MPHOSPH6002
ENST00000554332.1,3.582,15.297,EIF2S1001
ENST00000550107.1,2.369,9.694,PPP1R12A004
ENST00000512589.1,8.262,220.179,LARP7010
ENST00000380747.1,7.819,61.189,HMGN1013
ENST00000537363.1,0.539,3.116,KRI1006
ENST00000308696.6,23.592,65.172,PSMD1001
ENST00000319092.5,0.366,6.662,NAP1L4P1001
ENST00000467348.1,3.081,13.407,U2SURP019
ENST00000537768.1,16.350,0.800,BCL11A201
ENST00000509622.1,1.868,16.071,LARP7003
ENST00000341701.1,167.798,388.760,KMT2B202
ENST00000472398.1,2.773,28.466,TTC3006
ENST00000451599.2,0.462,2.560,ITPR2004
ENST00000494774.1,5.566,0.260,DBNL018
ENST00000482419.1,6.201,579.404,FAM208B009
ENST00000382406.3,12.614,118.904,FAM177A1010
ENST00000409724.1,6.009,0.140,CAPG002
ENST00000282007.3,24.400,67.072,ZC3H13002
ENST00000367478.4,1.059,11.159,TPR001
ENST00000492779.1,0.867,2.996,RBM39010
ENST00000362423.1,250.552,389.373,SNORA21201
ENST00000583325.1,1.310,16.196,PIEZO2004
ENST00000336458.8,37.034,2.633,EIF5A001
ENST00000597564.1,2.504,11.361,ZNF544009
ENST00000334914.7,5.527,82.826,KMT2E203
ENST00000438704.2,121.906,294.645,HMGB2004
ENST00000337859.6,6.837,13.023,ZC3H15001
ENST00000330838.6,5.315,0.151,ANKRD17002
ENST00000536064.1,3.235,142.925,STAMBP012
ENST00000245539.6,6.375,0.244,MRPS7001
ENST00000485569.1,38.825,143.693,SEPT7010
ENST00000576826.1,2.542,20.100,CCDC64B004
ENST00000390598.2,16.639,93.647,IGHV37001
ENST00000393387.1,0.790,10.806,PHF3201
ENST00000552946.1,4.892,16.440,SARNP006
ENST00000604517.1,3.948,7.991,NBPF11004
ENST00000407559.3,3.332,47.886,WDR60001
ENST00000468958.1,7.280,26.783,ABCF1006
ENST00000434684.1,1.175,2.923,PPARGC1B004
ENST00000530304.1,0.404,113.068,PCF11002
ENST00000222266.2,12.865,0.254,PSENEN002
ENST00000492914.1,0.366,9.669,FAM21A003
ENST00000558815.1,108.637,5.603,RPL28005
ENST00000296129.1,0.424,1.246,CDCP1001
ENST00000382692.2,3.832,12.831,DEFA1001
ENST00000216297.2,5.739,23.496,SUPT16H001
ENST00000474453.2,1.753,10.884,ZCCHC11016
ENST00000371410.3,1.810,49.719,NKAP001
ENST00000369202.1,0.809,2.337,NBPF20001
ENST00000368653.3,0.173,3.692,MKI67002
ENST00000609205.1,110.948,6.293,MSN005
ENST00000339907.4,0.135,7.846,ZNF292001
ENST00000380516.2,0.308,5.504,SLTM001
ENST00000375954.1,0.616,15.334,ERCC5006
ENST00000553444.1,0.019,71.963,HNRNPC032
ENST00000294507.3,1.598,3.624,LAPTM5001
ENST00000308346.6,0.173,7.389,WDR52201
ENST00000448155.2,106.884,193.604,IGKV1D39001
ENST00000406921.3,6.066,367.154,ITSN2004
ENST00000492372.1,143.302,586.201,DKC1006
ENST00000531767.1,17.487,0.234,RPL8007
ENST00000519237.1,0.424,10.567,POLR3D005
ENST00000400061.1,4.776,0.052,LYPLA2201
ENST00000264039.2,2.350,0.093,GPC1001
ENST00000528717.1,1.444,9.700,RP11315O6.1001
ENST00000533422.1,0.154,51.635,BCLAF1021
ENST00000526049.1,0.058,3.001,VIMP002
ENST00000400198.3,91.805,522.125,ARGLU1001
ENST00000574201.1,208.145,343.954,GPS2009
ENST00000005340.5,1.772,0.036,DVL2001
ENST00000361675.2,47.722,425.575,CALD1005
ENST00000376223.2,4.237,0.135,DHRS3001
ENST00000491249.1,2.927,25.906,HSPD1003
ENST00000413716.2,0.058,4.019,CCDC88A201
ENST00000263253.7,0.886,8.770,EP300001
ENST00000476511.1,2.773,23.678,ZC3H6002
ENST00000361453.3,263993.291,12520.351,MTND2201
ENST00000324767.7,0.154,3.100,SCAPER201
ENST00000530071.1,10.631,20.339,RAB2A012
ENST00000430710.3,0.693,2.010,CHD8001
ENST00000424732.1,5.065,54.646,HP1BP3006
ENST00000390619.2,12.345,32.677,IGHV439001
ENST00000304718.4,1.830,11.906,GGNBP2001
ENST00000480896.1,0.039,0.348,PCNT002
ENST00000542151.1,0.366,1.309,KDM1A201
ENST00000322213.4,0.404,7.306,SMC1A001
ENST00000491415.2,0.347,2.882,DIEXF001
ENST00000522706.1,0.462,15.256,ERICH1003
ENST00000390556.2,18.392,0.073,IGHD001
ENST00000590114.1,30.409,215.464,NMT1005
ENST00000418132.3,0.116,3.105,CASC3004
ENST00000415944.1,1.830,11.491,MECP2008
ENST00000372833.5,7.838,0.244,CHCHD1001
ENST00000491737.1,2.195,41.333,THOC2020
ENST00000447894.2,0.501,2.170,MLLT4013
ENST00000317840.5,0.116,1.791,COL3A1201
ENST00000301280.5,0.905,3.411,CHAF1A001
ENST00000525078.1,2.619,42.781,USP47006
ENST00000298875.4,0.096,0.509,CPSF2001
ENST00000414790.1,190.080,5.400,H19001
ENST00000370660.3,2.484,97.651,MAP7D3005
ENST00000426837.2,0.096,1.802,MAP4005
ENST00000357429.6,2.311,7.026,C7orf50001
ENST00000437131.1,0.713,33.752,GOLGA4005
ENST00000557924.1,1.175,64.938,SLTM011
ENST00000209665.4,4.795,0.052,ADH7201
ENST00000407193.1,1.964,11.169,RPS14201
ENST00000484294.1,4.102,29.156,SON017
ENST00000515371.1,4.699,12.083,NUDT9008
ENST00000536127.1,0.212,7.581,CWC25201
ENST00000475836.1,1.078,5.156,RPL22L1002
ENST00000446587.2,32.508,160.579,LLPH002
ENST00000271835.3,4.198,7.566,CRNN001
ENST00000343936.4,0.019,0.509,ZC3H6201
ENST00000298492.5,0.636,2.098,FAM175B001
ENST00000487211.1,7.665,24.353,RTFDC1002
ENST00000375000.1,2.311,61.132,HP1BP3003
ENST00000398782.2,419.294,1638.428,RRBP1003
ENST00000426496.2,60.028,321.288,PRRC2C202
ENST00000264474.3,1303.485,97.189,CSTA001
ENST00000568294.1,10.611,29.831,HDGFRP3006
ENST00000421670.3,0.828,115.004,DDX55014
ENST00000458039.3,25.306,128.858,RALBP1005
ENST00000558477.1,2.369,800.835,UBE2Q2P3002
ENST00000300231.5,0.116,0.841,MAP1A001
ENST00000536657.1,16.890,278.009,WASF2201
ENST00000430694.1,27.790,47.932,AC096579.7001
ENST00000496925.1,39.730,62.461,PSMD2018
ENST00000466092.1,28.791,185.836,PARD3008
ENST00000419281.2,3.447,10.136,NRBP1006
ENST00000520764.1,3.139,11.257,WDR55006
ENST00000436461.2,1.001,69.393,CALD1012
ENST00000529223.1,3.216,149.909,WHSC1L1009
ENST00000353047.6,1.040,9.798,CTSB001
ENST00000508733.1,7.665,263.386,SPINK5008
ENST00000358768.2,0.327,9.694,PARD3B002
ENST00000512608.1,4.102,52.663,KIAA0947005
ENST00000549471.1,2.638,14.664,TMBIM6024
ENST00000341193.5,7.800,0.441,HAP1002
ENST00000460795.1,300.065,4270.407,SRSF11016
ENST00000482325.1,0.058,0.306,GCC2001
ENST00000264010.4,0.616,3.707,CTCF001
ENST00000376745.4,4.815,0.145,PPP1CA001
ENST00000477801.1,26.191,1.132,S100A8003
ENST00000481849.1,3.563,12.550,HLAB008
ENST00000361337.2,18.045,140.868,TOP1001
ENST00000300527.4,0.558,5.748,COL6A2001
ENST00000411510.1,1.136,14.487,NCOR1009
ENST00000303219.8,0.212,9.523,SMC2202
ENST00000374810.3,6.220,0.322,TP53INP2001
ENST00000264431.4,0.058,0.353,RAPGEF2001
ENST00000475066.1,0.193,6.215,PAXIP1003
ENST00000564652.1,3.255,52.362,TCF25008
ENST00000591123.1,11.651,309.008,SAFB2005
ENST00000545971.1,1.695,12.898,CWC15003
ENST00000390297.2,6.567,51.344,IGLV144001
ENST00000293774.4,19.008,0.192,KRT4201
ENST00000378637.2,0.366,6.709,PLCB1004
ENST00000482772.1,9.148,51.749,PPIG008
ENST00000432197.1,1.907,8.973,KRI1003
ENST00000551018.1,12.383,0.374,PFDN5001
ENST00000298649.3,2.754,0.130,HK1201
ENST00000555679.1,118.497,318.760,PSMC1006
ENST00000458797.1,12.730,28.279,SCARNA7201
ENST00000542629.1,0.982,14.113,PPFIBP1008
ENST00000601416.1,0.308,1.812,ZNF714002
ENST00000472056.1,2.523,13.604,COL6A3012
ENST00000479712.1,39.095,102.573,UPF3A009
ENST00000277225.5,0.039,0.317,ZNF462001
ENST00000565442.1,1.753,42.205,CHD9012
ENST00000278100.6,3.967,45.907,BCCIP002
ENST00000269243.4,0.096,6.460,MYH10001
ENST00000429888.1,0.539,18.086,NKTR003
ENST00000403231.1,1.194,8.983,KIF3A008
ENST00000436473.1,30.255,1.007,RPL10015
ENST00000549182.1,0.693,5.338,ERGIC2010
ENST00000005257.2,8.917,0.244,RALA001
ENST00000254803.2,4.218,9.103,UTP3001
ENST00000357235.5,4.314,0.197,CDC42SE1201
ENST00000361367.2,7.703,23.990,CTR9001
ENST00000332499.2,1.887,6.392,HEXIM1001
ENST00000606995.1,167.798,388.760,KMT2B008
ENST00000355272.6,0.790,4.076,AP3D1001
ENST00000495873.1,0.443,32.495,PSIP1002
ENST00000360016.5,7.703,206.938,BRD4003
ENST00000381458.5,40.654,0.945,TGM3001
ENST00000301011.5,2.850,8.796,ZC3H18001
ENST00000489306.1,2.619,10.380,CEBPZ003
ENST00000460827.1,11.574,450.723,PCYT1A017
ENST00000507531.1,0.443,2.103,UVSSA003
ENST00000361739.1,269158.933,19013.679,MTCO2201
ENST00000497887.1,2.523,205.630,THOC2018
ENST00000484723.2,0.135,2.098,ZCCHC11017
ENST00000395711.4,1.926,5.058,SDAD1003
ENST00000350498.3,14.078,28.865,PDAP1001
ENST00000491110.1,26.788,125.545,MX1016
ENST00000378635.3,49.340,157.401,CDK11A201
ENST00000447564.2,0.270,2.067,QRICH2003
ENST00000531904.2,1.502,20.391,KMT2A002
ENST00000497214.1,9.803,219.141,SRSF10011
ENST00000309334.5,0.385,18.506,ARID5B002
ENST00000508628.2,0.116,0.722,RNF213001
ENST00000409470.1,2.542,0.021,USP39001
ENST00000335730.2,0.231,1.812,LOXHD1001
ENST00000517593.1,1.021,6.870,EMC2004
ENST00000583127.1,1.907,26.487,MSL1013
ENST00000491285.1,4.699,17.769,WI23658N16.1001
ENST00000419119.1,0.135,2.046,FIGNL1004
ENST00000604404.1,9.494,0.109,FXYD3001
ENST00000512629.1,0.231,4.528,RAI14007
ENST00000361891.4,17.718,0.608,ILF2001
ENST00000261381.6,0.116,0.441,XYLT1001
ENST00000389919.4,0.424,1.843,ZFP91CNTF001
ENST00000272091.7,2.369,27.110,SDE2001
ENST00000565024.1,0.732,19.327,RP11646E18.4001
ENST00000558357.1,0.809,16.554,INO80002
ENST00000511832.1,8.878,0.119,PHB201
ENST00000484817.1,6.509,27.796,IGKV224001
ENST00000460284.1,2.792,0.104,XRCC5010
ENST00000555970.1,2.138,6.174,NEMF002
ENST00000430330.2,1.001,4.897,SCP2008
ENST00000246006.4,0.058,0.415,CD93002
ENST00000587351.1,65.036,186.994,FAM32A005
ENST00000202816.1,9.860,76.554,ESF1001
ENST00000390323.2,342.029,483.213,IGLC2001
ENST00000470886.1,3.389,13.371,RRP1B002
ENST00000547708.1,16.004,0.275,HNRNPA1015
ENST00000300651.6,0.828,10.702,MED1001
ENST00000307771.7,38.209,251.641,ZRSR2001
ENST00000368232.4,6.124,56.547,GPATCH4001
ENST00000251047.5,0.501,4.175,LMAN1001
ENST00000559111.1,22.956,74.471,HSP90B2P001
ENST00000315274.6,0.616,8.521,MMP1001
ENST00000459638.1,1.098,11.714,FRMD4B007
ENST00000535374.1,1.156,5.307,ZMYND11207
ENST00000572789.1,7.299,17.660,PHF23009
ENST00000422974.2,76.976,209.405,ZFP91CNTF002
ENST00000551781.1,54.366,1191.989,PPP1R12A013
ENST00000603289.1,26.923,161.742,DNAJC8006
ENST00000278878.6,0.096,0.545,PLCH2002
ENST00000475379.1,0.481,18.859,WDHD1004
ENST00000480550.1,1.425,8.111,NAA20005
ENST00000381346.4,0.308,2.955,RDH11001
ENST00000597346.1,0.039,0.104,KCNQ1OT1001
ENST00000547249.1,2.388,16.865,ELK3003
ENST00000497888.1,5.662,70.188,IWS1013
ENST00000478840.1,183.783,420.186,UPF3B003
ENST00000006967.5,1.791,15.936,JHDM1D201
ENST00000372330.3,0.327,1.376,MMP9001
ENST00000591519.1,53.827,208.834,VPS4B003
ENST00000274242.5,44.602,3.287,RPL37001
ENST00000553307.1,4.757,91.025,DAAM1010
ENST00000215832.6,0.385,0.005,MAPK1001
ENST00000482293.1,5.912,14.020,CD99006
ENST00000375957.1,2.157,83.974,ZCCHC6002
ENST00000286371.3,7.337,0.203,ATP1B3001
ENST00000600341.1,5.103,0.047,USF2014
ENST00000367922.3,0.039,0.421,DDR2001
ENST00000475189.1,1.021,5.483,SRM002
ENST00000446924.1,0.077,1.708,BRWD1009
ENST00000511155.1,2.792,48.981,XPC007
ENST00000473176.1,4.102,73.225,TOX4009
ENST00000390603.2,16.158,45.866,IGHV315001
ENST00000425443.2,0.135,0.670,COL12A1008
ENST00000331738.7,0.250,2.809,RSRC2001
ENST00000392667.2,2.561,8.526,IVL201
ENST00000504492.1,3.178,16.263,MAP1B006
ENST00000217939.6,0.039,0.213,MXRA5001
ENST00000411529.2,0.096,0.369,HNRNPA3002
ENST00000533567.1,9.071,21.632,TPT1010
ENST00000445020.1,0.867,13.288,KNOP1P4001
ENST00000535925.1,0.751,16.881,KIN201
ENST00000479842.1,3.524,84.644,SERPINB13003
ENST00000397885.2,1.021,44.002,KIAA0020001
ENST00000274203.9,0.039,5.644,MYO10201
ENST00000569781.1,3.582,30.262,GOLGA8A005
ENST00000324453.8,1.406,0.057,C7orf41001
ENST00000464716.1,38.305,145.272,RPS24007
ENST00000398453.3,5.604,0.171,SMAGP002
ENST00000553753.1,0.558,6.543,HNRNPC014
ENST00000473719.1,0.558,83.356,LPHN2013
ENST00000463912.1,1.656,6.693,C7orf55LUC7L2004
ENST00000549613.1,0.520,3.640,CALCOCO1013
ENST00000562238.1,5.720,0.088,ECI1002
ENST00000361256.5,28.541,59.236,C9orf114001
ENST00000550471.1,1.444,25.646,GCN1L1003
ENST00000378757.2,1.271,5.753,OPTN007
ENST00000258105.7,12.788,0.384,MRPL53001
ENST00000548216.2,2.003,20.573,KIAA0430002
ENST00000258733.4,4.352,0.203,GPNMB001
ENST00000170168.4,0.116,0.784,REXO1001
ENST00000402203.1,0.963,16.388,TNRC6B001
ENST00000486886.1,0.270,7.976,PHLDB2010
ENST00000584312.1,0.982,7.965,SUPT6H013
ENST00000369622.3,1.329,13.272,SYNCRIP001
ENST00000265085.5,7.626,17.852,CPEB4001
ENST00000591601.1,3.216,0.161,MKNK2004
ENST00000438912.1,2.870,106.551,RBM6017
ENST00000320805.4,0.366,1.101,NFATC2IP001
ENST00000370238.3,1.618,0.057,GCLM001
ENST00000443339.1,0.250,5.177,SETD5002
ENST00000539854.1,20.375,0.156,TRMT112002
ENST00000463972.1,1.367,45.684,SLC39A7005
ENST00000560615.1,0.404,17.842,TPM1022
ENST00000314761.4,0.289,5.115,WDR75001
ENST00000381410.4,1.637,0.062,SNX18002
ENST00000579690.1,170.687,314.346,YTHDC1007
ENST00000463859.1,32.566,1012.961,SRSF11013
ENST00000422646.1,16.023,247.897,DYNC1I2019
ENST00000230122.3,0.077,2.129,ZBTB24001
ENST00000545048.1,2.272,0.005,GTPBP4202
ENST00000249270.7,5.508,62.134,DNAJC2002
ENST00000392000.4,18.276,150.397,LRRFIP1003
ENST00000262584.3,308.365,12.706,RPL8001
ENST00000285873.7,0.135,2.923,GEMIN5001
ENST00000468494.1,3.621,12.768,IGKV230001
ENST00000403721.1,0.501,2.659,MTIF2002
ENST00000448276.2,4.834,0.208,SMARCD2001
ENST00000522313.1,3.640,11.102,MTDH003
ENST00000507206.1,5.123,38.035,FIP1L1013
ENST00000521168.1,81.925,175.066,CSPP1007
ENST00000377083.1,0.250,3.116,KIF1B004
ENST00000464463.1,3.794,378.920,OFD1004
ENST00000375005.4,1.021,3.583,TBRG1201
ENST00000529615.1,2.311,58.089,CCDC34003
ENST00000396428.2,0.424,1.734,LRRFIP2006
ENST00000296564.7,0.154,1.070,KIAA0947001
ENST00000479255.1,26.711,171.551,GNL2009
ENST00000464938.1,8.878,778.258,NUCKS1002
ENST00000378230.3,0.385,2.165,CEP104001
ENST00000491805.1,2.908,18.709,SPG20006
ENST00000442711.1,2.253,11.309,INHBA002
ENST00000423902.2,0.751,2.555,CHD7001
ENST00000441867.1,24.670,104.983,ABCF1003
ENST00000366955.3,0.558,3.567,CENPF001
ENST00000399799.2,0.327,9.430,ROCK1001
ENST00000359755.5,0.058,1.573,AKAP12201
ENST00000377662.2,0.212,6.506,BTN2A3P005
ENST00000374642.3,10.207,34.364,C1QA001
ENST00000605497.1,0.212,25.495,PALMD003
ENST00000481695.1,3.447,49.802,FABP5004
ENST00000448752.2,15.176,144.680,PPIG011
ENST00000215570.3,3.601,0.119,TIMM13001
ENST00000506731.1,6.413,26.388,SEPT11015
ENST00000482512.1,0.193,20.282,GOLGB1003
ENST00000334955.8,1.502,3.017,RSBN1L001
ENST00000271883.5,11.189,35.289,GON4L018
ENST00000309042.7,1.464,10.614,REST001
ENST00000492203.1,1.810,5.665,THOC2015
ENST00000260956.4,6.875,47.896,SSB001
ENST00000399586.2,0.058,0.805,TTC3P1001
ENST00000441174.3,0.501,2.072,TBRG1001
ENST00000471767.1,4.025,13.428,DBN1007
ENST00000409739.2,86.124,271.793,TRAF3IP1003
ENST00000524027.1,0.443,24.151,OTUD6B003
ENST00000392403.3,0.058,1.371,ASH1L002
ENST00000361219.6,15.542,0.685,SERBP1005
ENST00000504110.1,34.627,0.571,C4orf3001
ENST00000379858.1,2.619,35.211,TOPORS002
ENST00000390601.2,3.871,11.512,IGHV311001
ENST00000382194.1,2.427,4.575,SMARCA2004
ENST00000415618.2,4.102,8.884,CANX201
ENST00000370086.3,22.937,50.752,SSR4006
ENST00000324460.6,3.582,10.795,HSPA5001
ENST00000495367.1,0.751,4.850,PLCD1012
ENST00000395785.2,13.134,41.603,EBAG9002
ENST00000444067.2,0.481,84.789,NSRP1P1001
ENST00000296755.7,0.250,7.135,MAP1B001
ENST00000564255.1,0.212,5.006,CHD9006
ENST00000582447.1,24.728,598.752,CHD2029
ENST00000533595.1,20.857,43.877,SF3B2012
ENST00000328697.6,2.561,6.974,CCDC34001
ENST00000544040.1,11.940,41.888,CHD4002
ENST00000533675.1,0.481,2.305,CEP164005
ENST00000466569.1,0.674,15.167,DZIP1004
ENST00000396137.4,0.154,0.737,JMY001
ENST00000361866.3,3.467,44.573,COL6A1001
ENST00000540379.1,16.485,156.602,PSMD7201
ENST00000572954.1,61.396,1.355,TCEB2005
ENST00000499521.2,0.481,0.966,CTB89H12.4002
ENST00000264874.3,4.410,9.206,RIOK1002
ENST00000529653.1,0.481,3.474,TAF2008
ENST00000521776.2,0.193,0.888,UTP14C001
ENST00000273342.4,0.173,0.820,COL8A1201
ENST00000229812.7,2.542,8.677,STK38001
ENST00000504696.1,23.765,91.960,SRP19010
ENST00000569747.1,63.938,102.901,KLHDC4017
ENST00000444918.2,2.369,0.068,CAPN14201
ENST00000418664.2,8.127,105.004,DSP002
ENST00000252542.4,2.138,5.670,SAFB2001
ENST00000528610.1,10.785,0.036,EEF1D004
ENST00000540114.1,0.250,16.289,PPFIBP1002
ENST00000347433.4,1.598,70.099,SRRT004
ENST00000482596.1,37.535,361.354,CHD6007
ENST00000410049.1,1.637,15.152,C2orf49002
ENST00000415314.2,56.620,353.124,GPATCH4009
ENSTR0000482293.1,5.912,14.020,CD99006
ENST00000415169.2,0.327,10.250,RP1122B23.1202
ENST00000447771.2,2.118,11.398,RBM22002
ENST00000562702.1,2.388,201.315,HDGFRP3003
ENST00000506502.1,1.387,34.297,RBM27002
ENST00000381261.3,36.321,103.690,AKAP17A002
ENST00000548830.1,1.483,20.215,ASH1L006
ENST00000577940.2,1.021,9.331,DDX42006
ENST00000400337.2,0.173,0.872,COL18A1002
ENST00000525193.1,0.039,13.334,EPB41L2011
ENST00000538112.2,0.270,2.555,CERS3005
ENST00000520953.1,14.039,668.347,SREK1004
ENST00000336735.4,0.327,0.841,SEL1L001
ENST00000395535.3,100.028,0.685,SEC61G002
ENST00000455702.1,14.675,72.187,TNNT2010
ENST00000589774.1,6.625,39.058,AP2B1009
ENST00000497092.1,0.655,34.110,ASXL2003
ENST00000371477.3,2.022,17.483,CDC5L001
ENST00000361390.2,197665.635,13837.584,MTND1201
ENST00000483048.1,4.295,23.823,PLXNA2002
ENST00000532223.2,4.583,11.019,IGLL5001
ENST00000336812.4,2.715,7.856,DHX15001
ENST00000414869.2,4.352,0.073,BPNT1202
ENST00000495350.1,5.026,46.738,CBX1005
ENST00000495642.1,1.233,11.257,TRMT10C002
ENST00000253452.2,65.883,3.302,COX4I1001
ENST00000426053.1,0.135,3.188,APOL1204
ENST00000539826.2,0.924,2.768,ARHGAP5001
ENST00000326648.3,0.077,2.160,ZNF609001
ENST00000525373.1,19.143,299.428,LMO7025
ENST00000609375.1,7.492,0.171,MKKS003
ENST00000395587.1,0.039,1.324,EIF3C201
ENST00000356413.4,4.391,10.935,IGBP1002
ENST00000412011.1,78.151,548.047,ITSN2003
ENST00000568495.1,28.599,352.786,CENPT031
ENST00000470768.1,3.024,84.026,NASP009
ENST00000533153.1,0.924,32.168,CEP164010
ENST00000216832.4,3.486,172.164,PNN001
ENST00000238112.3,1.926,0.031,CPSF3001
ENST00000449938.2,0.944,12.317,USP36202
ENST00000390559.2,0.847,2.783,IGHM001
ENST00000514032.1,7.183,41.649,CANX004
ENST00000582713.1,76.321,146.585,CWC25002
ENST00000359246.4,0.944,0.021,PHF2001
ENST00000455343.1,2144.866,8618.822,RBM39019
ENST00000443617.2,0.173,0.737,HERC1001
ENST00000561439.1,57.024,115.020,EIF5016
ENST00000314358.5,0.385,1.797,KDM3B001
ENST00000437070.1,13.750,102.766,RNF168002
ENST00000467937.1,1.560,10.593,CABIN1012
ENST00000542082.1,1.695,30.594,WBP4201
ENST00000444268.1,5.142,0.166,COL28A1002
ENST00000381272.4,1.117,12.202,SMC6201
ENST00000527986.1,1.310,8.812,WACAS1001
ENST00000425011.1,110.890,360.367,TCEAL4008
ENST00000502706.1,1.656,6.257,RFC1010
ENST00000338556.3,0.828,12.685,SP110201
ENST00000532377.1,15.561,56.043,LMO7019
ENST00000328252.3,0.058,2.996,PAPPA001
ENST00000313368.5,0.867,6.719,TAF7001
ENST00000354570.3,2.870,0.073,MAP7001
ENST00000489783.1,20.703,61.069,SHOC2004
ENST00000370990.5,7.472,31.306,SERBP1006
ENST00000515516.1,84.660,523.938,TCOF1011
ENST00000598436.1,1.329,12.093,EEF2007
ENST00000380550.3,0.270,2.503,OFD1201
ENST00000303575.4,0.424,1.231,TMED10001
ENST00000592488.1,301.298,718.211,AP3D1010
ENST00000479362.1,227.885,361.266,CDK11A007
ENST00000367584.4,0.867,2.742,PHACTR2004
ENST00000489828.1,2.234,33.321,SRPK2002
ENST00000587739.1,138.198,208.896,CHAF1A005
ENST00000571695.1,73.683,328.111,GPS2010
ENST00000417710.1,91.824,462.084,HP1BP3014
ENST00000541549.1,31.141,224.292,EIF3A201
ENST00000423943.1,18.758,0.670,RP1148O20.4001
ENST00000452781.1,7.049,20.858,GTPBP2006
ENST00000465487.1,3.312,241.671,SLC4A7017
ENST00000421573.1,16.659,62.201,SPATS2L019
ENST00000539250.1,51.651,1895.781,CCAR1020
ENST00000355937.4,3.370,0.026,SLMO2002
ENST00000391338.1,9.783,118.686,ZRSR1001
ENST00000226798.4,17.063,70.837,FRG1001
ENST00000559195.1,147.096,327.229,TNFAIP2007
ENST00000306368.4,19.952,0.810,RNF181001
ENST00000546815.1,8.281,88.813,SART3006
ENST00000330736.5,11.517,137.488,ANKRD11011
ENST00000476527.2,0.058,1.257,ZFYVE20002
ENST00000237623.7,0.270,1.480,SPP1002
ENST00000555544.1,3.717,23.200,AHNAK2004
ENST00000390609.2,65.016,148.070,IGHV323001
ENST00000350051.3,4.545,0.073,BIRC5001
ENST00000392177.4,111.776,263.080,EZR201
ENST00000405432.1,2.427,110.487,SRSF11201
ENST00000413699.1,8.339,0.218,RPL15002
ENST00000589537.1,15.349,160.527,NFIC010
ENST00000204549.4,3.929,47.055,PDCD7001
ENST00000395603.3,2.350,30.210,ATRX002
ENST00000485061.2,21.011,101.748,MYCBP2008
ENST00000390630.2,2.735,9.227,IGHV461001
ENST00000420996.2,54.309,339.405,UPF3AP3001
ENST00000426846.2,9.302,120.519,HNRNPR201
ENST00000493453.1,0.308,1.942,AKAP9003
ENST00000443726.2,1.136,6.839,BCL11B003
ENST00000329463.5,0.616,6.408,DHX36003
ENST00000238256.3,0.443,2.820,FKBP15201
ENST00000392456.3,0.308,11.013,CCDC50002
ENST00000368930.1,0.674,13.283,CDC40001
ENST00000564307.1,0.443,3.817,DHX38010
ENST00000487074.1,3.197,9.518,FAM129A003
ENST00000328666.6,2.542,0.026,SIRT7001
ENST00000305536.6,8.069,40.299,RBMX2001
ENST00000424877.1,14.945,56.562,KMT2C010
ENST00000421331.1,0.347,1.454,NEXNAS1001
ENST00000490957.1,58.565,130.572,PHF14014
ENST00000445969.1,9.841,22.660,GBP3006
ENST00000529994.1,2.118,28.471,SF3B2016
ENST00000521098.2,0.481,2.617,CDCA2006
ENST00000373548.3,13.866,0.628,HDAC1001
ENST00000367975.2,16.793,0.763,SDHC001
ENST00000322349.8,0.443,6.039,EEA1001
ENST00000374982.5,1.117,13.329,HLADRA002
ENST00000321870.1,0.231,1.116,BHLHE22001
ENST00000322536.3,1.733,42.626,DDX10001
ENST00000510290.1,5.065,251.132,SRPK1010
ENST00000390285.3,0.828,6.350,IGLV657001
ENST00000259205.4,4.410,0.052,IL36G001
ENST00000478946.1,3.467,39.193,STAMBP006
ENST00000369278.4,1.156,4.902,UFL1001
ENST00000465066.1,0.250,5.945,DIAPH3008
ENST00000296295.6,0.289,1.168,SFMBT1201
ENST00000555053.1,2.947,24.862,ACIN1006
ENST00000532683.1,0.231,30.896,RBM25004
ENST00000598233.1,0.770,2.892,AL132989.1201
ENST00000341360.2,0.636,2.056,ATP2B4002
ENST00000480209.1,63.822,179.574,NUDCD3005
ENST00000372027.5,0.077,0.763,MMRN2001
ENST00000550479.1,94.347,584.986,HSP90B1009
ENST00000555324.1,17.467,74.466,DDX24010
ENST00000379161.4,0.116,3.500,NUFIP1001
ENST00000464237.2,3.158,67.301,CTD3199J23.6001
ENST00000375128.4,2.061,5.956,XPA001
ENST00000505202.1,0.770,5.369,SLC1A3010
ENST00000276603.5,0.039,10.074,TERF1001
ENST00000392348.2,1.714,5.343,BCLAF1011
ENST00000477862.1,4.583,161.441,NOL8009
ENST00000366923.3,1.348,4.351,EPRS001
ENST00000414818.1,3.062,61.807,TTC3016
ENST00000398545.4,0.212,3.630,CCDC11001
ENST00000538384.1,1.194,5.239,NOL10201
ENST00000609883.1,0.193,0.893,RGAG4002
ENST00000434192.2,1.483,23.268,GTF2A1003
ENST00000519293.1,7.203,173.524,MTDH004
ENST00000487017.1,1.675,30.864,COL7A1002
ENST00000345042.2,1.444,3.598,HSPD1201
ENST00000479034.1,10.014,186.957,SRRM1003
ENST00000334270.2,0.636,15.038,TTF1001
ENST00000263256.6,1.675,0.062,DESI1001
ENST00000398454.1,3.736,49.973,SPINK5002
ENST00000378165.4,0.790,4.305,NMT2001
ENST00000360375.3,1.579,5.613,LRRCC1001
ENST00000474274.1,2.870,72.088,PDS5B010
ENST00000367545.3,0.039,0.608,UTRN001
ENST00000484441.1,17.949,112.393,CCDC66018
ENST00000261637.4,0.578,2.285,UTP20001
ENST00000361804.4,1.290,14.555,SMC3001
ENST00000403076.1,4.083,0.078,SDC1002
ENST00000559011.1,15.580,352.355,EIF5018
ENST00000522603.1,47.645,976.120,ASPH004
ENST00000433454.2,1.387,88.335,NEFM002
ENST00000462749.1,0.770,7.415,EIF2B4006
ENST00000437043.3,0.154,1.132,ERAP2001
ENST00000416718.2,6396.349,365.731,RP5857K21.11001
ENST00000557016.1,31.930,2.046,ERH001
ENST00000602903.1,7.588,19.103,ADAM1A002
ENST00000496946.1,2.080,22.203,SNRNP48002
ENST00000425764.1,3.794,57.492,BRD8012
ENST00000299314.7,0.270,3.879,GNPTAB001
ENST00000439203.1,0.096,3.349,DST011
ENST00000367315.2,23.707,77.109,TNNT2203
ENST00000376980.3,1.136,5.982,DNAJC1001
ENST00000440945.1,270.600,12.021,GIGYF2007
ENST00000409614.1,30.852,61.350,SERF2009
ENST00000534770.1,1.849,87.962,TAF1D008
ENST00000536154.1,7.068,104.796,CCDC91015
ENST00000466992.1,0.193,3.723,AK9005
ENST00000437915.1,9.725,96.488,TYW1B002
ENST00000335753.4,1.964,9.123,SLK001
ENST00000553176.1,18.719,136.668,RP11977G19.5001
ENST00000270221.6,0.520,4.066,EMP3001
ENST00000400020.3,0.674,10.271,ANKRD12002
ENST00000528205.1,3.255,15.365,MED19004
ENST00000415680.2,0.212,4.258,TRIM24007
ENST00000349693.3,0.347,6.781,POP1002
ENST00000393234.1,5.335,81.118,SESN3201
ENST00000548480.1,8.050,0.031,SLC25A3012
ENST00000524674.1,16.235,68.874,AK9009
ENST00000579649.1,8.917,22.530,RPL36006
ENST00000583239.1,4.275,18.241,DDX5013
ENST00000369762.2,0.443,1.485,ATP6AP1001
ENST00000403007.3,2.600,15.552,CCDC104005
ENST00000305997.3,1.810,0.047,MBOAT2001
ENST00000557106.1,9.283,275.267,NRDE2005
ENST00000471232.1,0.347,1.729,BIRC6002
ENST00000399035.3,6.028,11.740,SEPT7203
ENST00000522842.1,5.778,27.879,CETN3005
ENST00000392112.1,0.809,0.031,MLLT4202
ENST00000360629.3,4598.193,18491.408,ARGLU1003
ENST00000532455.1,22.417,888.044,TAF1D007
ENST00000495709.1,0.578,5.582,A2M008
ENST00000326431.3,1.098,17.021,TMIE001
ENST00000484047.1,7.992,54.984,TTC3004
ENST00000451562.1,206.296,5.405,PPIA006
ENST00000538861.1,2.850,65.177,PRPF4B201
ENST00000460483.1,0.289,16.201,SMNDC1003
ENST00000368847.4,0.058,3.048,KIAA1919001
ENST00000555242.1,5.200,17.805,FOS008
ENST00000424310.2,0.963,2.093,RNF145002
ENST00000543706.1,18.276,1040.408,CCAR1021
ENST00000390607.2,18.141,34.961,IGHV321001
ENST00000261845.5,0.539,2.716,MAPK6001
ENST00000584285.1,5.566,82.598,SUPT6H006
ENST00000429728.1,29.388,1.142,SNRPG006
ENST00000432750.1,0.713,3.271,SLTM009
ENST00000519108.1,4.622,68.947,HDAC2004
ENST00000449503.2,0.096,0.649,SLMAP014
ENST00000216797.5,46.605,0.857,NFKBIA001
ENST00000561409.1,0.963,8.562,RP11815J21.2001
ENST00000476541.1,14.945,37.926,CIZ1013
ENST00000550697.1,17.776,0.301,MYL6003
ENST00000201031.2,2.292,0.047,TFAP2C001
ENST00000570758.1,73.317,197.275,CHD3013
ENST00000604025.1,1.849,6.543,MICU1007
ENST00000503369.1,1.425,7.161,AFF1006
ENST00000306730.3,0.250,1.366,AVEN001
ENST00000540921.1,0.173,6.179,ZMAT1202
ENST00000436088.1,15.811,0.519,UBTF005
ENST00000470352.1,5.835,50.664,RPN2008
ENST00000393145.5,0.424,1.594,ACSF3020
ENST00000492686.1,5.161,339.358,FAM133B010
ENST00000547650.1,12.402,120.114,BAZ2A012
ENST00000460194.1,31.988,434.600,SRRT009
ENST00000354185.4,5.335,45.471,DDX21001
ENST00000544868.1,1457.013,29425.843,MALAT1201
ENST00000361335.1,273249.166,11892.334,MTND4L201
ENST00000444636.1,10.207,54.091,SP140L004
ENST00000327331.2,1.868,10.941,CDCA8002
ENST00000566586.1,0.058,0.711,MGA001
ENST00000455076.1,2.484,8.282,TNRC18013
ENST00000441448.2,1.887,6.724,RPF2001
ENST00000296370.3,50.650,2.342,S100P001
ENST00000598597.2,1.541,3.728,AKAP8001
ENST00000401547.2,2.908,17.473,SUV420H1010
ENST00000267485.7,0.058,0.768,C14orf37001
ENST00000330701.4,0.539,1.329,ZFP41001
ENST00000498810.1,3.794,126.059,CDK11A014
ENST00000461940.1,0.790,9.134,GIMAP4002
ENST00000325805.8,1.444,6.132,BBX007
ENST00000538971.2,0.135,0.935,ERC1016
ENST00000348022.2,1.849,73.989,RBBP6002
ENST00000513356.1,14.290,85.744,NSA2004
ENST00000377687.4,7.569,0.140,KLF5001
ENST00000229238.3,19.528,0.950,MRPL51001
ENST00000417647.2,3.601,11.387,IK001
ENST00000505224.1,36.187,76.278,DEK003
ENST00000336338.5,0.193,4.559,SPAG17001
ENST00000534320.1,0.289,5.992,PHRF1004
ENST00000546585.1,0.231,3.214,CS006
ENST00000505034.1,27.751,200.214,LARP7004
ENST00000428647.1,6.297,30.428,AC092669.3001
ENST00000380738.4,1.271,6.164,PSIP1004
ENST00000578826.1,0.462,2.601,MSL1009
ENST00000430262.2,3.197,25.952,ZNF652002
ENST00000316626.5,0.308,4.907,GSK3B002
ENST00000467214.1,123.966,1286.374,RBM17008
ENST00000397143.2,365.505,646.705,WDR60004
ENST00000381342.2,5.335,0.119,SNRPB001
ENST00000297151.4,9.128,33.845,SLU7001
ENST00000597069.1,308.789,465.433,ZC3H4003
ENST00000551840.1,26.654,55.430,METAP2007
ENST00000513542.1,64.862,363.576,RP11301H24.4001
ENST00000313468.5,25.248,0.187,NDUFS8001
ENST00000606445.1,0.116,9.824,BASP1003
ENST00000248598.5,0.443,1.293,FGL2001
ENST00000252590.4,1.059,2.440,PLVAP001
ENST00000261942.6,0.173,3.505,FAF2001
ENST00000549884.1,0.462,6.880,BAZ2A003
ENST00000525883.1,0.347,10.229,DNHD1013
ENST00000355680.3,0.770,4.549,PRMT2001
ENST00000458244.2,45.796,0.711,KRT4202
ENST00000374804.5,4.044,11.948,LAS1L001
ENST00000458064.2,7.896,15.038,NUCB2201
ENST00000371225.2,49.263,3.188,TACSTD2001
ENST00000564250.1,1.290,10.712,C16orf87004
ENST00000427372.1,10.091,180.887,FAM133B005
ENST00000606654.1,9.687,146.881,LL22NC032H8.5001
ENST00000535781.1,3.158,32.744,PRPF6201
ENST00000507175.1,1.001,36.291,TCERG1012
ENST00000608694.1,0.058,0.389,RP11448A19.1001
ENST00000404251.1,4.776,118.161,BAZ1B002
ENST00000541197.1,0.193,5.359,ARSJ201
ENST00000541483.1,0.481,3.411,MRVI1013
ENST00000301838.4,6.760,0.192,FADD001
ENST00000522111.2,9.340,0.265,TRNP1001
ENST00000511824.2,0.154,9.684,C5orf42013
ENST00000424969.2,11.863,39.739,IGHV374001
ENST00000402631.1,10.977,29.442,MICALL1004
ENST00000361328.3,0.096,0.904,ZSCAN20004
ENST00000374426.2,10.361,146.772,CXCL12003
ENST00000307179.4,2.677,7.140,USP8003
ENST00000586934.1,1.233,6.693,SAFB006
ENST00000382422.2,29.022,67.321,BAZ1A001
ENST00000434710.1,2.966,20.365,IGHV343001
ENST00000264444.2,3.563,0.145,MXD1001
ENST00000581289.1,11.921,37.963,PROCA1006
ENST00000543473.1,7.877,77.416,SUDS3001
ENST00000344196.4,0.039,2.191,KIAA1731201
ENST00000338779.6,1.579,0.068,MTSS1L001
ENST00000556691.1,2.388,351.862,NEMF010
ENST00000584683.1,183.128,8.443,RP11214O1.3001
ENST00000610020.1,0.039,2.835,RPAP2001
ENST00000405941.3,66.923,159.821,TMEM18003
ENST00000264279.5,9.090,128.739,NOP58001
ENST00000339624.5,65.228,2.498,SERF2005
ENST00000532497.1,1.675,5.338,POLD3003
ENST00000534003.1,0.828,54.584,FNBP4003
ENST00000482047.1,17.910,202.281,CDK5RAP2017
ENST00000389005.4,2.022,21.835,C17orf85001
ENST00000486663.1,2.966,38.373,UBN2003
ENST00000462001.1,0.019,2.191,IFRD2007
ENST00000394534.2,0.404,10.556,AKAP9006
ENST00000415603.1,8.089,90.714,DHX16003
ENST00000427159.2,2.484,6.984,FTSJ3001
ENST00000222005.2,8.050,0.317,CDC37001
ENST00000535656.1,2.061,9.061,MLEC003
ENST00000361999.3,2.600,8.511,ITSN2002
ENST00000514429.1,0.116,1.537,C5orf42014
ENST00000423485.1,3.139,30.371,TOP2A001
ENST00000558353.1,0.847,4.839,EIF3J007
ENST00000479870.1,0.443,2.923,FAM115A001
ENST00000558084.1,0.039,0.348,KMT2C018
ENST00000447701.2,13.173,199.612,CAMSAP2005
ENST00000370574.3,4.314,13.724,ZNHIT6001
ENST00000299563.4,0.193,10.131,RNF169001
ENST00000538972.1,4.911,74.077,PLEKHA5006
ENST00000315183.7,0.924,12.877,TNRC6A003
ENST00000286760.4,0.231,10.307,WHAMM001
ENST00000534437.1,68.964,1.807,ANP32E009
ENST00000267176.4,0.462,0.005,SBNO1201
ENST00000371744.1,2.195,13.698,ZNFX1002
ENST00000487321.1,2.157,8.246,ARPC2014
ENST00000497538.1,0.520,3.977,SETP14001
ENST00000258975.6,2.658,7.768,TACO1001
ENST00000436786.1,43.890,3.297,RP11399D6.2001
ENST00000549502.1,184.014,420.809,METAP2008
ENST00000490899.1,3.736,13.501,ZBTB17005
ENST00000394284.3,1.656,6.595,PPP4R2202
ENST00000588367.1,5.989,18.755,FAM32A003
ENST00000539539.1,1.675,210.812,CCAR1012
ENST00000359526.4,2.773,51.858,DNMT1002
ENST00000577706.1,9.263,83.834,TOP2A004
ENST00000409923.1,0.347,3.188,FAM126A006
ENST00000236273.4,43.062,70.624,SYF2001
ENST00000343242.4,4.757,0.265,MAFK001
ENST00000493487.1,4.064,17.369,TBC1D4005
ENST00000496857.1,0.327,11.704,EHBP1009
ENST00000558830.1,4.506,16.263,MORF4L1022
ENST00000420525.1,6.259,84.337,MLLT10009
ENST00000216237.5,0.116,0.976,L3MBTL2001
ENST00000302418.4,5.123,8.407,KIF5B001
ENST00000542921.1,0.135,1.875,JMJD1C203
ENST00000527703.1,2.658,40.393,AC138969.4004
ENST00000553696.1,7.896,66.117,NEMF007
ENST00000296597.5,1.541,5.094,NDUFAF2001
ENST00000492342.1,0.578,11.387,ATF6B006
ENST00000472177.2,27.501,63.920,TNNT2020
ENST00000573618.1,19.817,131.750,RSL1D1006
ENST00000277945.7,8.705,26.653,TCF7L2010
ENST00000514237.1,0.597,108.353,DNAJC21006
ENST00000435549.1,0.616,23.631,SDCCAG8002
ENST00000253814.4,0.116,0.535,NDFIP1001
ENST00000564605.1,0.289,4.481,RBL2006
ENST00000252250.6,2.754,27.084,KRT6C001
ENST00000372661.3,8.743,56.915,WBP5001
ENST00000470935.1,3.794,73.589,TTF2002
ENST00000591475.1,0.693,7.638,VPS4B006
ENST00000367607.3,0.173,1.926,CEP350001
ENST00000509867.2,1.907,5.083,ANKRD17003
ENST00000372656.3,2.966,218.871,WBP5002
ENST00000505524.1,7.973,135.447,LMBRD2003
ENST00000445933.2,2.638,23.917,EIF2B4007
ENST00000480824.2,0.077,0.457,C6orf89004
ENST00000216181.5,12.942,26.435,MYH9001
ENST00000246043.4,1.656,16.133,RRBP1201
ENST00000545251.2,1.887,13.516,KIAA0040003
ENST00000309822.2,1.021,6.891,UTP23001
ENST00000366932.3,0.193,1.485,RRP15001
ENST00000256084.7,2.350,7.212,SPINK5001
ENST00000476037.1,0.173,5.431,MTF2008
ENST00000379097.3,3.409,0.026,TPD52006
ENST00000215882.5,5.219,0.218,SLC25A1001
ENST00000252445.3,14.367,0.306,ELOF1201
ENST00000318789.4,0.154,0.530,FOXP1001
ENST00000556314.1,40.000,675.773,BAZ1A008
ENST00000498452.1,0.944,34.478,HBEGF002
ENST00000446572.2,1.502,6.672,POLR3GL002
ENST00000264720.3,1.040,0.016,GTF3C2201
ENST00000221992.6,7.742,0.410,CEACAM5001
ENST00000300278.4,0.732,18.724,SON003
ENST00000485469.1,13.519,116.277,SETD8006
ENST00000471152.1,90.303,5.219,RP113P17.3001
ENST00000460813.1,2.638,13.750,KIAA1407002
ENST00000326595.7,0.636,2.290,CCDC66002
ENST00000469448.1,0.732,5.598,CXorf56004
ENST00000254821.6,0.539,87.930,ZRANB2002
ENST00000554510.1,2.523,23.787,TTLL5018
ENST00000492940.1,18.970,61.957,SEPT7009
ENST00000492594.2,13.731,29.888,NAP1L4008
ENST00000349139.5,1.156,2.404,WDR3001
ENST00000357325.5,13.808,0.254,HDGF001
ENST00000402163.2,1.156,10.468,BBX004
ENST00000471752.1,1.252,121.604,USP48008
ENST00000371646.5,398.302,1035.964,HSP90AB1003
ENST00000438257.4,0.135,0.530,DIO2002
ENST00000439448.2,11.671,1147.422,RP11631M6.2001
ENST00000384756.1,257.562,831.850,SNHG1208
ENST00000513908.1,18.084,235.845,ANKRD17010
ENST00000529701.1,2.003,11.434,APLP2021
ENST00000545063.1,2.638,13.750,KIAA1407201
ENST00000344616.2,219.777,13.418,S100A14201
ENST00000551956.1,19.008,0.192,KRT4001
ENST00000381461.2,1.830,16.886,KIAA2026004
ENST00000277480.2,67.751,3.754,LCN2001
ENST00000490628.1,0.404,90.937,GOLGA2008
ENST00000375960.2,1.791,24.820,ZCCHC6004
ENST00000524732.2,3.312,136.013,FABP5P7001
ENST00000433523.1,0.693,31.960,CWF19L2201
ENST00000052569.6,0.289,2.124,GOPC001
ENST00000425851.1,0.982,48.618,SECISBP2002
ENST00000427426.1,26.442,0.914,RP5857K21.7001
ENST00000186436.5,7.087,18.169,TMEM131001
ENST00000504564.1,9.976,142.343,WDR70002
ENST00000465404.2,0.636,8.682,AMD1004
ENST00000531287.1,10.688,119.340,RNF214002
ENST00000409871.1,0.019,0.332,ZC3H6001
ENST00000543302.2,0.212,25.983,RNMT003
ENST00000472883.1,2.388,24.421,CDK5RAP2011
ENST00000550202.1,102.108,227.480,OS9021
ENST00000369626.3,0.193,9.534,SLC16A1001
ENST00000378060.4,0.597,2.539,VPS36001
ENST00000431508.1,7.588,144.503,ANKHD1008
ENST00000568808.1,0.135,5.104,CCPG1003
ENST00000608836.1,3.813,11.263,GPATCH11201
ENST00000552279.1,5.084,11.200,MARCH9003
ENST00000527062.1,0.616,7.316,RNPC3005
ENST00000382679.2,4.680,34.494,DEFA1201
ENST00000470718.1,202.175,529.847,PSME1004
ENST00000538296.1,3.447,31.202,C12orf43008
ENST00000476412.1,3.216,9.471,RSBN1002
ENST00000447597.1,0.193,18.953,ANKRD36B204
ENST00000428708.2,2.735,0.068,BAIAP2001
ENST00000601319.1,8.454,0.093,HERC3013
ENST00000396651.3,177.062,12.961,RPS8001
ENST00000481072.1,9.860,61.272,SEPT6008
ENST00000343684.3,0.250,2.129,NKAPL001
ENSTR0000381261.3,36.321,103.690,AKAP17A002
ENST00000552039.1,32.932,1.028,RNASEK007
ENST00000272638.9,6.509,100.486,UBXN4001
ENST00000356926.4,24.015,111.349,AP3D1202
ENST00000509982.1,5.739,16.673,CDK11A026
ENST00000468074.1,278.342,686.568,RP11102M11.1001
ENST00000378192.2,1.406,34.717,TLN1002
ENST00000374518.5,1.753,10.151,BMS1001
ENST00000223023.4,0.501,3.572,WASL001
ENST00000390308.2,21.974,57.772,IGLV321001
ENST00000412585.2,4.102,11.507,HLAB001
ENST00000390549.2,375.211,803.302,IGHG1001
ENST00000265081.6,0.193,3.256,MSH3001
ENST00000466133.1,0.270,2.851,BRD7P2001
ENST00000447619.1,8.724,17.286,OST4002
ENST00000592262.1,1.618,21.139,GPATCH1002
ENST00000495537.1,0.154,8.292,KCTD3002
ENST00000238789.5,0.539,3.437,ATAD2B001
ENST00000344762.5,0.289,12.389,CCDC15001
ENST00000562324.1,7.049,57.232,FAM192A005
ENST00000506120.1,0.924,14.383,FAM193A010
ENST00000548071.1,0.443,2.389,LUM002
ENST00000508737.1,5.161,149.462,FAM114A1003
ENST00000520361.1,3.216,33.949,TBCA006
ENST00000418572.2,0.270,5.525,STAT2004
ENST00000482600.1,4.661,0.161,EIF3L003
ENST00000534762.1,3.274,55.238,BCLAF1020
ENST00000361532.5,11.324,0.213,ENSA008
ENST00000425032.3,6.278,291.862,USP8002
ENST00000464410.1,0.308,41.790,SETD5025
ENST00000471701.1,3.601,274.789,PRPF40A014
ENST00000524758.1,3.563,51.655,SLC7A8009
ENST00000580476.1,3.255,195.868,RN7SL471P201
ENST00000480733.1,0.327,19.358,STAG1005
ENST00000552909.1,0.077,25.729,LIMA1004
ENST00000540338.1,1.233,110.373,CLIP1003
ENST00000374975.3,6.740,0.130,HLADRB5001
ENST00000312561.4,0.135,0.706,KIAA1551001
ENST00000356387.2,0.077,0.384,ORAI2201
ENST00000585298.1,0.212,7.581,CWC25003
ENST00000513888.1,1.753,6.589,NSUN2002
ENST00000564286.1,5.739,152.977,CFDP1006
ENST00000473620.1,25.556,0.322,PPDPF005
ENST00000502584.1,0.347,1.797,SEPT11006
ENST00000518040.1,0.308,2.612,SH2D4A002
ENST00000456426.2,0.077,0.779,GPR116203
ENST00000421364.1,0.693,6.896,ARID4B010
ENST00000297157.3,10.014,57.855,RP9001
ENST00000380026.3,0.366,9.819,CENPE001
ENST00000444811.2,10.688,0.498,NELFE012
ENST00000480708.1,12.017,70.764,SEC62002
ENST00000506644.3,73.914,244.994,ZMAT2003
ENST00000514547.1,1.810,37.667,TRMT10A004
ENST00000548126.1,8.185,44.453,CCDC59004
ENST00000359282.5,9.783,0.421,PCBP2008
ENST00000469858.1,3.351,28.040,SMC4004
ENST00000438976.2,40.943,178.229,GPATCH4015
ENST00000460360.1,1.348,12.457,PPP4R2006
ENST00000557381.1,0.944,8.298,CHD2003
ENST00000361138.5,0.135,2.134,SMC5001
ENST00000550917.1,6.201,32.126,RP11278C7.1001
ENST00000218364.4,5.007,14.108,HTATSF1001
ENST00000545606.1,0.096,0.436,CAND1001
ENST00000326043.4,1.310,4.793,MAF001
ENST00000345084.5,14.213,98.980,MRPS5002
ENST00000231238.5,1.695,6.205,TTC1001
ENST00000535205.1,3.832,74.072,PPME1008
ENST00000460080.1,0.674,8.770,DDX52003
ENST00000261479.4,34.030,0.639,PSMA6001
ENST00000465203.1,13.173,467.303,SLMAP015
ENST00000561320.1,0.154,2.150,RP11346D14.1001
ENST00000390237.2,1630.974,4666.105,IGKC001
ENST00000341923.6,2.292,11.486,RABEP1002
ENST00000545353.1,1.444,15.837,AFAP1L2201
ENST00000411695.1,0.443,14.425,ST13003
ENST00000380332.3,47.376,0.296,CALML5001
ENST00000437245.1,6.471,90.542,CEP350004
ENST00000474991.1,59.624,2.550,S100A16011
ENST00000462328.1,62.667,420.232,DDX27004
ENST00000261254.3,0.058,0.467,CCND2001
ENST00000462734.1,2.484,7.571,HRAS005
ENST00000392524.2,21.512,1.090,HNRNPA3001
ENST00000347486.4,0.443,2.539,SUPT6H002
ENST00000541463.2,1.464,13.163,KIF21A008
ENST00000589804.1,2.407,47.501,CD3EAP002
ENST00000368804.1,51.015,0.405,TCHH001
ENST00000530322.1,4.218,12.768,SF3B2018
ENST00000413307.2,1.348,16.601,CAMSAP2004
ENST00000303459.6,0.096,1.002,METTL15002
ENST00000203630.5,6.740,0.177,MLF2001
ENST00000418823.4,1.290,122.985,MTIF2010
ENST00000361226.3,0.077,0.950,RUSC2001
ENST00000486857.1,1.714,11.216,TLK1009
ENST00000587027.1,5.354,159.868,UBN1005
ENST00000294905.4,1.021,46.806,BAZ2B010
ENST00000394289.2,0.790,3.879,KIF20B201
ENST00000283131.3,2.369,6.657,SMARCA5001
ENST00000603059.2,20.298,131.117,NANOGNBP3001
ENST00000580376.1,29.928,163.882,FTSJ3018
ENST00000392952.3,0.963,0.005,ABLIM1009
ENST00000585908.2,0.558,35.917,ANKRD29004
ENST00000220847.7,3.659,24.893,PHF20L1201
ENST00000543371.1,0.347,1.122,TCF7L2208
ENST00000572759.1,1.618,75.920,MYBBP1A011
ENST00000343898.5,0.462,3.630,IL18BP003
ENST00000550595.1,251.572,1230.845,HSP90B1012
ENST00000505831.1,1.868,40.050,SUDS3P1001
ENST00000573828.1,3.621,66.018,ZNF75A005
ENST00000553345.1,2.600,70.951,ASXL1006
ENST00000377122.4,0.443,1.137,NEBL004
ENST00000318037.3,2.099,13.371,RNF168001
ENST00000534336.1,1.849,5.369,MALAT1001
ENST00000598711.1,0.462,7.155,GRWD1002
ENST00000521320.1,2.966,43.384,SLU7009
ENST00000357799.4,0.096,1.267,SGOL2001
ENST00000342016.3,3.582,15.583,CIR1001
ENST00000040584.4,4.410,20.147,HOXC8001
ENST00000597636.1,0.578,2.087,IRF3003
ENST00000368635.4,2.465,5.821,MARCKS001
ENST00000369797.3,2.465,43.436,PDCD11001
ENST00000216281.8,47.029,90.760,HSP90AA1002
ENST00000429587.2,2.619,39.089,C12orf65007
ENST00000460191.1,0.250,6.511,DNTTIP2002
ENST00000396098.1,0.809,21.045,LPIN1004
ENST00000380358.4,12.094,21.025,CHD3003
ENST00000358779.5,13.962,38.830,CDK11A004
ENST00000554902.1,11.305,227.828,PNN006
ENST00000373357.3,73.374,647.769,PBDC1002
ENST00000590769.1,5.855,18.709,UBN1004
ENST00000523948.1,0.963,14.217,TGS1002
ENST00000354283.4,4.526,196.304,DDX46002
ENST00000452324.3,130.013,3.759,MAP7D2006
ENST00000370986.4,4.699,14.830,GADD45A001
ENST00000359187.4,2.465,218.066,GOLGA8A001
ENST00000509957.1,0.462,1.843,C5orf42015
ENST00000381070.3,2.099,9.082,CWC27001
ENST00000395848.1,72.623,419.105,NCOR1007
ENST00000420283.1,2.022,8.453,TSPYL4001
ENST00000333007.1,1.560,3.791,TNFAIP2201
ENST00000395168.3,8.859,16.149,ARID4A003
ENST00000558453.1,1.329,40.886,WDR61014
ENST00000371085.3,9.417,0.327,GNAS015
ENST00000531755.1,1.136,4.777,NFRKB004
ENST00000403607.2,0.077,1.407,TENM2201
ENST00000447032.1,19.258,145.230,RBM17009
ENST00000397519.2,11.478,171.198,PSIP1201
ENST00000493598.2,5.469,58.987,U2SURP022
ENST00000220849.5,10.785,0.431,EIF3E001
ENST00000550834.1,17.564,35.574,DDX23019
ENST00000534909.2,8.358,0.140,OTX2AS1001
ENST00000336967.3,0.135,0.815,MYADM201
ENST00000577169.1,2.350,27.811,C17orf85003
ENST00000392321.3,0.058,1.464,ZNF605002
ENST00000583057.1,0.597,14.960,RBBP8015
ENST00000394332.1,364.927,14.461,RPL23003
ENST00000249736.7,2.696,22.255,SLTM014
ENST00000477977.1,1.984,59.678,NOLC1006
ENST00000368799.1,0.058,16.279,FLG001
ENST00000327155.5,0.847,4.933,RBBP8001
ENST00000360830.4,77.842,153.777,RPS24003
ENST00000524989.1,2.369,145.427,C11orf57006
ENST00000436021.2,1.059,81.237,TDG007
ENST00000458458.1,0.578,15.609,BBX013
ENST00000361676.4,0.770,2.254,NF2006
ENST00000428005.1,0.520,5.535,SLC4A7012
ENST00000263073.6,0.443,1.641,SMG6001
ENST00000369287.3,0.058,0.519,C10orf118006
ENST00000581917.1,2.908,136.881,RP11421E14.2001
ENST00000217130.3,0.558,5.130,ZNF512B201
ENST00000498491.1,0.674,6.200,FLNA008
ENST00000448238.2,0.751,1.781,NIPBL002
ENST00000503373.1,102.185,548.062,POLR3G005
ENST00000536936.1,0.289,1.199,FERMT1201
ENST00000421249.2,24.843,74.778,KIAA1429002
ENST00000430571.2,1.252,9.944,XRN2201
ENST00000553277.1,0.231,7.228,LRP1002
ENST00000352861.4,1374.953,13.402,SEC61G201
ENST00000338205.5,0.770,2.415,KIAA0368001
ENST00000428130.2,1.733,5.068,RDH11004
ENST00000368209.5,0.443,1.776,HDGF002
ENST00000369002.4,0.250,1.708,SEC63001
ENST00000327492.3,0.250,7.192,TOB2001
ENST00000240304.1,7.318,28.170,LUC7L3002
ENST00000356937.3,1.194,3.110,CDK11A010
ENST00000294868.4,0.077,0.426,NMNAT2002
ENST00000603548.1,0.693,35.496,FBXW7002
ENST00000312916.7,0.924,2.498,AGGF1001
ENST00000511553.1,7.029,41.478,DHX15006
ENST00000560579.1,0.116,13.412,AKAP13008
ENST00000295666.4,2.118,4.621,IGFBP7001
ENST00000369733.3,0.404,2.955,COL17A1003
ENST00000491963.1,2.985,53.738,DDX52002
ENST00000479067.1,23.784,107.688,MIER1004
ENST00000452341.2,166.816,308.837,GIGYF2202
ENST00000316999.5,0.385,2.446,SMAP1004
ENST00000366843.2,1.772,3.650,ENAH001
ENST00000566605.1,4.641,0.047,FUS010
ENST00000549763.1,514.758,1900.231,BAZ2A013
ENST00000411953.1,53.712,0.883,DYNC1I2020
ENST00000335727.9,0.077,0.400,TNRC6B002
ENST00000505213.1,0.193,1.656,N4BP2L2005
ENST00000553653.1,3.794,8.059,SLCO3A1003
ENST00000414242.2,10.669,164.126,MPHOSPH8201
ENST00000471482.1,9.841,81.757,DYNC1I2010
ENST00000508482.1,12.826,323.064,LUC7L3005
ENST00000575870.1,133.230,1324.617,SRRM2029
ENST00000409112.1,1.791,34.120,SP100004
ENST00000536974.1,0.655,3.910,PLEKHA5005
ENST00000327857.2,4.815,18.096,DEFA3001
ENST00000357604.5,31.391,123.614,UPF2002
ENST00000498774.1,1.579,5.914,LRRFIP1P1001
ENST00000568172.1,25.633,62.310,OGFOD1008
ENST00000359208.6,3.524,14.970,DNTTIP2007
ENST00000307602.4,0.077,0.363,HOOK3001
ENST00000301843.8,5.103,0.104,CTTN002
ENST00000482611.1,0.250,11.091,MGEA5006
ENST00000549370.1,61.569,1.272,RPL18009
ENST00000272274.4,5.932,125.644,RPL21003
ENST00000296417.5,38.709,2.082,H2AFZ001
ENST00000447810.1,0.770,3.972,PRPF31009
ENST00000299767.5,137.004,789.058,HSP90B1001
ENST00000588815.1,5.874,0.156,CAPNS1002
ENST00000449259.1,0.270,5.816,AC007386.2001
ENST00000479544.2,0.963,12.717,USP42007
ENST00000304636.3,0.385,1.656,COL3A1001
ENST00000278412.2,16.562,26.144,SSRP1001
ENST00000361428.2,0.597,10.032,ZNF318001
ENST00000379568.3,1.560,55.420,PAK1IP1001
ENST00000461734.1,0.173,7.389,WDR52010
ENST00000556224.1,0.462,1.428,HECTD1003
ENST00000519843.1,7.203,387.768,CCDC25010
ENST00000530781.1,2.966,80.936,DHDDS025
ENST00000533482.1,0.520,14.228,RAD50002
ENST00000544778.2,0.250,18.288,BPTF009
ENST00000565362.1,1.907,39.219,PDXDC1007
ENST00000389078.3,9.494,0.021,H2AFJ005
ENST00000269289.6,0.520,1.849,ZMYND15201
ENST00000466032.1,8.917,56.474,CHMP3011
ENST00000408042.1,1.252,7.612,KIF16B001
ENST00000544838.1,1.521,150.698,TCHP006
ENST00000295749.6,1.521,40.580,CWC22201
ENST00000419711.2,51.227,2.783,EIF5A004
ENST00000558341.1,0.347,37.132,PSMA4017
ENST00000606893.1,0.520,10.406,CDC40007
ENST00000527414.1,0.308,0.800,DICER1006
ENST00000490032.1,66.730,808.920,HMGN1010
ENST00000519668.1,2.041,43.462,CSPP1003
ENST00000395388.2,14.540,24.592,HLADRA001
ENST00000586988.1,0.270,31.768,DNMT1015
ENST00000468108.1,29.966,377.913,CCDC66017
ENST00000559043.1,0.385,3.884,CDC42BPB002
ENST00000295321.4,2.041,30.304,IWS1001
ENST00000586901.1,1.887,53.478,GLYR1010
ENST00000463639.1,68.945,645.407,BRD2013
ENST00000375793.2,1.136,5.416,PLEKHM2002
ENST00000521220.1,20.202,47.221,CCDC25012
ENST00000525914.1,7.203,30.574,LMO7020
ENST00000283752.5,0.905,33.861,SERPINB3001
ENST00000515641.1,0.193,4.476,ANKRD50001
ENST00000460089.1,19.740,247.752,KIN002
ENST00000312547.2,11.979,0.571,CHMP2A001
ENST00000303407.7,0.963,4.066,BRD3001
ENST00000425103.1,0.327,0.904,KIAA0232201
ENST00000537016.1,1.021,10.146,TRMT10B007
ENST00000540935.1,0.462,5.925,DDX11007
ENST00000262467.5,0.077,2.404,NLRP1001
ENST00000494853.1,5.103,15.214,CLEC16A006
ENST00000550078.1,1.059,38.342,ZBED6001
ENST00000558577.1,4.256,27.328,RP11152F13.3004
ENST00000476784.1,0.116,10.255,TTC3007
ENST00000475895.1,3.370,7.540,MRPS5003
ENST00000392129.6,1.945,4.372,TMCO1008
ENST00000566699.1,2.465,0.073,JHDM1DAS1001
ENST00000222567.5,2.407,8.355,TWISTNB001
ENST00000552673.1,14.540,33.814,ZCRB1005
ENST00000318911.4,7.549,0.296,CYC1001
ENST00000508917.2,0.058,13.968,BDP1018
ENST00000434927.1,6.452,69.949,RBM39018
ENST00000231061.4,0.327,3.900,SPARC001
ENST00000569950.1,0.944,17.525,VPS35003
ENST00000567367.1,136.677,419.313,KNOP1003
ENST00000463330.1,37.226,81.544,BCCIP005
ENST00000379412.5,0.944,2.228,LDHA005
ENST00000354618.5,3.640,0.151,THRAP3001
ENST00000433297.2,3.081,0.145,HMGCS1003
ENST00000374602.2,48.955,144.612,TCEA3004
ENST00000456466.1,3.004,26.404,RNF213202
ENST00000510663.1,13.250,88.969,SRP72005
ENST00000449142.2,4.083,54.781,SLC24A1006
ENST00000311852.6,0.790,2.607,MMP14001
ENST00000552092.1,1.040,9.196,HRK003
ENST00000532545.1,22.205,219.483,EPS8L2023
ENST00000478508.1,168.434,1335.293,NOP58010
ENST00000431016.1,2.369,10.728,PCYT1A005
ENST00000326831.3,0.116,4.995,ATP10B004
ENST00000590123.1,7.222,145.292,NARS009
ENST00000369219.1,2.581,10.354,NBPF14201
ENST00000545521.1,7.434,0.208,MAZ005
ENST00000370025.4,2.080,318.448,PRPF38B001
ENST00000565970.1,0.616,23.818,SCAPER008
ENST00000382815.4,16.447,88.735,KDM5A201
ENST00000529162.1,1.945,8.749,DDX6004
ENST00000525508.1,6.375,94.421,CHD7003
ENST00000490173.1,9.629,34.343,DAXX008
ENST00000366794.5,5.855,13.205,PARP1001
ENST00000503316.1,1.656,810.452,LARP7012
ENST00000412676.1,0.077,0.530,CMKLR1202
ENST00000600924.1,1.753,6.397,ZNF160007
ENST00000553565.1,8.589,199.674,SNW1008
ENST00000462263.1,3.024,48.639,TWISTNB002
ENST00000400824.4,11.844,655.138,MLLT4011
ENST00000307546.9,0.404,1.127,MAGI3004
ENST00000366603.2,0.462,1.174,ARID4B004
ENST00000360184.4,0.905,1.604,DYNC1H1001
ENST00000554357.1,0.135,8.775,TRIP11002
ENST00000532057.1,0.116,6.210,FBXO3006
ENST00000521604.2,5.315,0.187,TCEA1002
ENST00000313349.3,0.944,0.010,SERTAD2001
ENST00000402703.2,3.929,0.057,PAX9201
ENST00000264651.2,10.226,0.062,KRT24001
ENST00000467334.1,2.427,24.607,MRPS33003
ENST00000430435.1,1343.466,2258.609,MYO6005
ENST00000368317.3,2.292,7.862,RSPO3002
ENST00000497254.1,0.751,28.164,SUPV3L1007
ENST00000592078.1,4.372,56.230,CXXC1009
ENST00000561312.1,2.061,8.583,MESDC2002
ENST00000425518.1,6.683,90.646,SMARCC1002
ENST00000551098.1,0.886,7.296,DDX23007
ENST00000264888.5,0.424,5.099,CXCL9001
ENST00000254801.4,13.288,35.808,IGJ001
ENST00000347055.3,1.849,40.543,KRCC1001
ENST00000337554.3,21.781,0.353,TSPO001
ENST00000413293.1,0.539,62.773,LL22NC0380A10.6001
ENST00000395734.3,0.096,0.654,MAP4006
ENST00000463649.1,1.078,38.534,NOC3L002
ENST00000445716.1,4.025,54.563,FAM133B001
ENST00000373220.3,2.369,33.835,CLSPN003
ENST00000378735.1,1.425,4.486,KIF3A002
ENST00000361671.5,0.443,5.608,NAA35001
ENST00000229214.4,1.387,11.226,KRR1001
ENST00000569438.1,35.994,1.745,RPL4012
ENST00000253329.2,0.308,4.253,PPIL4001
ENST00000398606.3,87.337,1.329,GSTP1001
ENST00000476295.1,0.154,1.002,ZNF783002
ENST00000302217.5,37.015,66.651,MAP4K4201
ENST00000474981.1,1.348,30.174,CABIN1009
ENST00000568016.1,5.412,64.081,MPHOSPH6008
ENST00000541775.1,0.116,2.565,C1RLAS1001
ENST00000432353.1,15.368,333.221,THOC2010
ENST00000370995.2,0.039,0.929,SERBP1002
ENST00000560217.1,3.621,27.032,PSMA4009
ENST00000390624.2,16.639,30.792,IGHV348001
ENST00000473761.1,0.404,2.165,NBPF9007
ENST00000367576.5,0.867,15.053,LTV1001
ENST00000558053.1,9.571,30.288,EIF3J006
ENST00000508493.1,621.334,22.556,RPL37003
ENST00000549044.1,3.081,19.332,BRF1021
ENST00000528882.1,0.039,0.561,TNKS1BP1002
ENST00000275034.4,0.385,20.770,PHIP001
ENST00000577185.1,1.059,10.915,TTC39C011
ENST00000218758.5,0.847,2.783,ACP5002
ENST00000347364.3,3.158,0.047,MKKS001
ENST00000340857.2,30.794,1.381,H1F0001
ENST00000455617.1,12.634,0.493,AC004019.10001
ENST00000360467.5,0.250,1.189,COL4A2001
ENST00000474331.1,2.850,19.046,CKAP2L006
ENST00000463074.1,1.194,32.677,EIF4E2006
ENST00000383858.1,357.263,0.062,RNVU19201
ENST00000495401.1,153.990,4.559,RPL24003
ENST00000309451.6,24.824,1.153,MZT2A001
ENST00000463114.1,5.026,482.475,NAA16007
ENST00000493119.1,12.441,0.145,ATP5F1003
ENST00000539319.1,1.136,22.307,UACA004
ENST00000519559.1,2.484,23.143,PCMTD1003
ENST00000437502.1,2.099,54.371,SETD8005
ENST00000555122.1,0.077,0.665,AHNAK2002
ENST00000369466.4,0.039,0.239,TTF2001
ENST00000470472.1,14.059,59.496,SFPQ002
ENST00000515010.1,1.964,34.837,FYB002
ENST00000396914.3,0.732,6.896,CHCHD4001
ENST00000382070.3,0.674,5.670,CREBBP003
ENST00000523471.1,0.732,5.374,MTUS1025
ENST00000322428.5,3.871,0.104,MAF1001
ENST00000264828.3,0.058,1.916,COL5A3001
ENST00000392222.2,14.251,0.182,EEF1B2003
ENST00000481507.1,2.523,10.577,ZCCHC7008
ENST00000371284.5,2.850,14.601,TTC4002
ENST00000565844.1,11.728,120.643,KNOP1004
ENST00000478061.1,10.380,110.523,RBM28005
ENST00000513458.4,0.751,3.541,SREK1IP1001
ENST00000560944.1,24.959,51.012,CERS3009
ENST00000536313.1,0.289,8.973,MDM1013
ENST00000242719.3,7.588,0.254,RNF11001
ENST00000469781.1,0.867,10.458,C1orf35003
ENST00000463306.1,0.096,3.032,DZIP3004
ENST00000430223.2,1.117,0.016,NIPAL2002
ENST00000323848.9,3.274,0.062,SRRM1001
ENST00000591680.1,0.790,13.994,GPATCH8001
ENST00000513008.1,3.216,29.213,FIP1L1008
ENST00000409849.1,4.757,17.774,ANKZF1003
ENST00000439686.2,79.865,462.432,ARL6IP4019
ENST00000597813.1,2.272,73.817,HNRNPM013
ENST00000560749.1,0.481,6.444,MYO1E008
ENST00000394826.4,8.223,161.270,NSRP1005
ENST00000367649.3,0.096,0.711,RASAL2002
ENST00000371764.4,20.722,81.933,DDX27001
ENST00000464253.1,0.135,106.364,DNAJC2004
ENST00000490646.1,0.193,1.324,DIS3003
ENST00000040738.5,0.520,14.487,BOD1L1001
ENST00000344135.5,0.154,0.888,TRIO009
ENST00000540698.2,2.388,0.010,DDX5003
ENST00000480461.1,0.039,396.814,TRA2B009
ENST00000356142.4,29.215,0.021,RAC1002
ENST00000391839.2,0.212,1.916,COX20003
ENST00000306378.6,0.520,3.604,BPTF002
ENST00000448718.1,25.267,0.576,GAS5003
ENST00000377795.3,11.228,46.790,CD74002
ENST00000390543.2,72.161,123.582,IGHG4001
ENST00000438806.1,3.909,690.738,PNISR201
ENST00000380281.1,0.250,1.838,PRPF40B001
ENST00000486241.1,5.103,16.357,YWHAE006
ENST00000528346.1,8.243,145.485,VIMP006
ENST00000303305.6,9.918,66.953,PA2G4001
ENST00000393976.2,138.468,6.060,KRT15007
ENST00000542381.1,8.320,39.058,SRGAP1005
ENST00000487638.1,2.831,59.408,ZNF638017
ENST00000409906.4,15.657,0.794,TCEB2001
ENST00000326227.5,0.867,2.378,MMP12201
ENST00000472258.1,0.308,67.134,NKTR014
ENST00000245206.5,3.158,0.047,GOT2001
ENST00000556083.1,0.135,0.852,ACTN1008
ENST00000367324.3,6.028,0.223,PKP1001
ENST00000543621.1,0.481,3.453,DNMBP203
ENST00000498320.1,2.022,63.858,GCNT2011
ENST00000413447.1,21.589,48.639,CYCS004
ENST00000552147.1,11.208,33.829,NAP1L1025
ENST00000315273.4,0.327,6.434,ASAP2201
ENST00000452345.1,0.924,27.396,SP100017
ENST00000567826.1,79.884,519.321,BRD7006
ENST00000367288.4,1.233,3.837,LMOD1001
ENST00000540870.1,1.252,6.901,SP110202
ENST00000268482.3,0.135,1.890,DHX38001
ENST00000447377.1,6.336,19.597,DCAF8007
ENST00000506223.1,16.139,32.677,SMAD5008
ENST00000452476.1,25.383,314.310,LYAR201
ENST00000586803.1,10.765,103.155,CALR005
ENST00000595047.1,28.618,142.032,GTF2F1005
ENST00000375294.4,4.834,42.361,UPF3AP2201
ENST00000502802.1,14.444,196.013,HMGB1P3001
ENST00000296543.5,3.101,72.036,NAA15001
ENST00000428876.1,0.770,13.308,MDN1201
ENST00000480171.3,2.253,18.091,PKP4006
ENST00000496168.1,43.466,77.862,IGKV15001
ENST00000462897.2,0.462,2.773,GCC2008
ENST00000554879.1,0.250,1.225,PCNX002
ENST00000334982.4,8.994,0.036,NAA20001
ENST00000600880.1,155.357,3.915,RPL37A011
ENST00000396731.4,0.327,3.411,STK4201
ENST00000523908.1,0.636,5.587,CLINT1002
ENST00000582970.1,0.039,0.223,RNF213020
ENST00000546392.1,12.191,0.348,NACA005
ENST00000252486.4,2.484,5.483,APOE001
ENST00000543776.1,3.832,55.571,SPTY2D1005
ENST00000244230.2,5.431,37.755,MPHOSPH10001
ENST00000536366.1,6.933,65.815,ANAPC5202
ENST00000488010.1,0.116,1.059,TMF1002
ENST00000280333.6,0.058,1.880,DOCK1001
ENST00000271277.6,1.579,6.340,CTTNBP2NL001
ENST00000327158.4,0.231,1.324,TIMM22001
ENST00000473186.1,0.077,0.296,KMT2C002
ENST00000367142.4,10.650,29.862,NUCKS1001
ENST00000421471.1,78.979,252.861,MCM3004
ENST00000317721.6,0.193,13.610,NCKAP5201
ENST00000316459.4,0.135,1.776,ZBTB8A003
ENST00000390321.2,320.344,1151.295,IGLC1001
ENST00000372950.4,0.751,11.356,DNAJC9001
ENST00000374169.3,14.810,113.280,POLE3003
ENST00000509877.1,168.222,11.714,RPL37002
ENST00000359626.5,1.907,14.633,TYW1001
ENST00000275493.2,3.293,0.083,EGFR001
ENST00000524189.1,0.250,1.101,KIF13B001
ENST00000290079.8,15.638,0.696,TMEM141001
ENST00000326019.6,5.893,48.062,SLC4A1AP001
ENST00000308162.5,19.509,0.535,CFL1201
ENST00000370466.3,0.250,4.393,GBP2002
ENST00000392442.2,2.927,9.757,RSRC2020
ENST00000373275.4,0.231,1.807,BRWD3001
ENST00000429893.1,0.250,2.498,RP51041C10.3001
ENST00000450176.1,23.206,60.633,KIF16B002
ENST00000461137.1,0.096,2.913,KIAA1009003
ENST00000431519.2,15.330,25.282,CDV3002
ENST00000536328.1,1.175,64.938,SLTM201
ENST00000474056.1,10.881,173.888,UPF3A007
ENST00000330386.6,0.212,2.685,EP400201
ENST00000399763.3,0.404,2.295,TMEM57201
ENST00000548273.1,502.509,1426.095,NAP1L1016
ENST00000464888.1,6.606,125.187,HMGN2005
ENST00000332160.4,0.347,2.176,METTL7A201
ENST00000605687.1,21.146,122.695,ANKRD18B008
ENST00000531243.2,3.852,16.627,PABPC4018
ENST00000602936.1,1.753,18.740,HDAC1P2002
ENST00000262360.5,0.443,4.471,CNTLN201
ENST00000360909.3,0.116,11.491,DAAM1007
ENST00000225426.4,25.517,0.846,PSMB3001
ENST00000436615.3,1.156,0.021,RAPGEFL1201
ENST00000512607.2,7.183,41.649,CANX202
ENST00000568717.1,16.485,156.602,PSMD7002
ENST00000286380.2,2.369,8.438,RAET1L201
ENST00000426572.1,4.930,35.159,ZKSCAN1003
ENST00000452924.2,16.081,96.342,HMGB1P24001
ENST00000567921.1,4.102,322.420,UBE2Q2006
ENST00000559952.1,4.256,27.328,RP13996F3.3003
ENST00000412543.1,39.865,399.997,UBAP2005
ENST00000390547.2,57.120,143.299,IGHA1001
ENST00000458083.1,31.372,171.982,GPANK1008
ENST00000358130.2,12.653,22.754,HMGN5001
ENST00000539624.1,4.583,0.036,MRPL50201
ENST00000522162.1,2.234,21.580,MTSS1010
ENST00000447574.1,4.218,0.052,HSPB1002
ENST00000591037.1,0.212,4.928,PGM5P2002
ENST00000233813.4,0.173,2.222,IGFBP5001
ENST00000457540.1,130.861,448.028,MTND2P28001
ENST00000549162.1,0.963,16.175,SCAF11009
ENST00000565404.1,29.157,433.110,TCF25013
ENST00000484471.2,5.778,105.928,RABL6007
ENST00000583488.1,1.656,21.227,ZNF236008
ENST00000476916.1,8.108,119.833,KPNA1010
ENST00000251636.5,0.231,1.875,DHX29001
ENST00000594458.1,0.443,19.342,KLK11011
ENST00000491203.1,0.790,8.848,CNOT4007
ENST00000477544.1,19.027,36.566,SARS003
ENST00000514927.2,3.852,74.181,DROSHA023
ENST00000533498.1,44.044,1.501,RPL38006
ENST00000276201.2,9.437,35.205,UPF3B001
ENST00000312397.5,0.135,0.701,SART1001
ENST00000399338.4,0.944,56.116,ITSN1204
ENST00000588093.1,0.058,21.637,AP2B1012
ENST00000381340.3,0.135,0.576,ITPR2001
ENST00000535391.1,21.762,316.781,EIF3J002
ENST00000522912.1,576.250,985.284,SREK1005
ENST00000222990.3,2.927,0.125,SNX8001
ENST00000504984.1,0.944,9.201,RP11420A23.1002
ENST00000467857.1,6.047,18.428,NOP56008
ENST00000475218.2,4.872,20.505,UPF3A002
ENST00000221265.3,2.504,5.239,PAF1001
ENST00000432457.2,23.418,0.343,HNRNPA3008
ENST00000422165.1,3.755,42.709,TNNT2014
ENST00000564383.1,1.290,201.943,HERC2009
ENST00000340342.6,0.751,8.038,CTSL002
ENST00000249014.4,6.509,0.317,CDC42EP1001
ENST00000309027.4,4.025,7.778,GOLIM4002
ENST00000413758.1,0.636,12.633,COL6A2005
ENST00000491410.1,434.354,874.720,NRD1005
ENST00000399494.1,72.777,277.910,HMGB1011
ENST00000308736.2,0.982,3.692,DHX37201
ENST00000371222.2,1.271,8.142,JUN001
ENST00000221169.5,0.193,14.918,NEFL001
ENST00000420908.3,2.369,800.835,UBE2Q2P2002
ENST00000348165.5,0.385,1.734,UBE3C001
ENST00000538548.1,1.310,53.655,SFSWAP005
ENST00000587703.1,1.078,6.215,PTPN2012
ENST00000267812.3,4.757,14.238,MFAP1001
ENST00000459782.1,1.136,10.349,SEC63004
ENST00000314933.6,6.336,15.905,C1QB201
ENST00000390314.2,17.140,112.377,IGLV211001
ENST00000581874.1,20.684,0.353,HN1013
ENST00000494255.1,0.385,1.890,TRA2A002
ENST00000418882.2,0.963,12.410,RP111060J15.5001
ENST00000441556.1,1.560,6.003,CTTNBP2012
ENST00000389629.4,1.656,16.102,RTF1001
ENST00000582871.1,2.350,0.062,LMNB2201
ENST00000546420.1,3.582,6.522,CCDC64002
ENST00000470470.1,23.784,114.968,CHD6005
ENST00000507396.1,2.003,43.378,SDAD1006
ENST00000305943.7,3.024,0.104,RNF187001
ENST00000512275.1,1.156,16.009,RFC1004
ENST00000512575.1,13.577,106.411,SEPT11010
ENST00000369389.1,3.467,13.495,TCF7L2007
ENST00000474796.1,8.089,17.260,MAP7D1004
ENST00000376861.1,47.876,84.649,HLAF001
ENST00000485292.1,0.135,21.196,SRSF10010
ENST00000225428.5,3.158,7.301,CWC25001
ENST00000561677.2,0.982,5.026,NOB1004
ENST00000444518.2,1.252,6.927,HMGXB4201
ENST00000374468.1,2.619,29.660,PNRC2002
ENST00000488249.1,238.034,834.711,RBM28004
ENST00000436743.1,2.735,6.968,FCGR3A201
ENST00000269724.5,4.160,30.293,SAMD1002
ENST00000540199.1,0.096,1.553,TOP2B202
ENST00000460064.1,1.040,19.830,CCDC50003
ENST00000528095.1,1.425,22.987,RSF1005
ENST00000282561.3,0.501,1.989,GJA1001
