Transcript,"	A.R1504202612	",B.R1504202613,B.R1504202614,Gene
ENST00000474694.1,12.993,312.342,8.137,DDX18
ENST00000333775.5,14.665,0.257,0.625,LSMD1
ENST00000354325.2,1.29,7.419,0,TRERF1
ENST00000361681.2,393300.411,47587.892,917.987,MT-ND6
ENST00000472247.1,28.23,203.111,2.166,ERCC5
ENST00000544551.1,17.626,298.633,2.398,RDX
ENST00000529898.1,33.15,233.57,0.445,CTR9
ENST00000588319.1,221.735,6.957,41.338,KRT16
ENST00000333677.6,0.191,0.462,2.368,ARHGEF37
ENST00000507035.1,9.267,0.359,0.155,CTC-276P9.1
ENST00000361789.2,388544.618,39683.132,979.134,MT-CYB
ENST00000519282.1,0.86,16.109,0.01,RP11-255B23.1
ENST00000368222.3,20.11,12.438,83.812,CRABP2
ENST00000238699.3,0.334,2.695,0.661,GPR68
ENST00000222553.3,3.869,1.232,34.313,NAMPT
ENST00000539648.1,8.694,28.534,0,APLP2
ENST00000472229.1,10.27,0.154,0,MRPS18B
ENST00000393164.2,5.541,20.242,0.21,ATP2B1
ENST00000390551.2,240.985,1558.166,5.203,IGHG3
ENST00000449054.1,2.006,9.575,0,UBAP2
ENST00000483726.1,0.239,3.312,0.039,UBN2
ENST00000243326.5,0.143,0.141,0.995,RIF1
ENST00000540900.3,14.044,0.911,0.445,NSRP1
ENST00000395862.3,0.621,2.772,0.511,ATP6V1C1
ENST00000312123.9,0.717,3.902,0.078,GAPVD1
ENST00000520945.1,3.439,48.108,0,STAU2
ENST00000533540.1,11.464,7.124,48.07,HSPA8
ENST00000552760.1,17.148,84.484,0.603,PWP1
ENST00000482822.2,89.563,232.389,0.678,RSRC1
ENST00000481136.1,14.856,0.809,0,PDCD10
ENST00000375759.3,0.908,7.65,0.926,SPEN
ENST00000316967.6,9.792,112.363,0.049,AC103965.1
ENST00000521922.1,0.573,4.492,0.031,UBR5
ENST00000375820.4,1.529,7.804,7.431,COL4A1
ENST00000511795.1,5.923,208.784,0,SPAG9
ENST00000448545.1,0.525,27.083,0.005,DDX10P1
ENST00000450162.2,28.183,378.394,2.502,SNRNP27
ENST00000418574.3,19.298,0.398,0.02,RP11-69C13.1
ENST00000381125.4,0.955,0.141,7.563,PFKP
ENST00000323853.5,0.287,0.128,2.265,SNRNP200
ENST00000560676.1,0.143,118.588,0.121,AKAP13
ENST00000538078.1,0.955,38.738,0.251,RP11-157G21.2
ENST00000534792.1,52.305,586.01,2.321,BCLAF1
ENST00000221419.5,10.843,0.231,0.75,HNRNPL
ENST00000487909.1,0.239,2.439,0.003,MORC3
ENST00000476522.1,2111.69,264.298,7.636,PRRC2C
ENST00000370459.3,2.579,10.512,0.393,GBP5
ENST00000378743.3,44.232,657.761,0.496,ZFC3H1
ENST00000488854.2,0.382,8.972,0.021,WDR52
ENST00000360270.5,77.048,203.74,29.909,MSN
ENST00000411591.1,8.359,84.869,0.173,PCYT1A
ENST00000458535.2,5.541,0.154,0,CMTM8
ENST00000400825.4,6.544,186.001,0.525,MLLT4
ENST00000475559.1,2.627,18.997,0.24,AKR1B10
ENST00000240316.4,1.433,55.142,2.675,COIL
ENST00000382384.2,8.407,0.244,0.745,WIPI2
ENST00000335508.6,0.908,0.334,5.614,SF3B1
ENST00000374866.3,0.382,0.257,4.758,COL5A2
ENST00000407280.3,4.824,14.158,7.659,IFI30
ENST00000462207.1,3.917,55.809,0.137,PBRM1
ENST00000504805.2,2.627,155.401,0,RUFY3
ENST00000515524.1,123.526,1132.589,0.91,NSA2
ENST00000327490.6,55.219,1.848,6.997,UBALD2
ENST00000538155.1,44.376,284.514,2.195,ASUN
ENST00000418458.1,3.439,59.48,3.761,GNL3
ENST00000493802.1,23.072,215.677,2.727,GBP2
ENST00000311111.6,629.667,39.624,12.228,RPL38
ENST00000490682.1,1.003,16.917,2.063,CASP8
ENST00000589296.1,6.783,0.334,0.514,CYTH1
ENST00000370765.6,0.478,119.05,6.602,DST
ENST00000371146.1,0.334,17.752,1.73,USP1
ENST00000372538.3,3.726,18.779,2.52,COMTD1
ENST00000382361.3,6.257,2.426,26.838,FSCN1
ENST00000539276.2,1.624,0.334,8.086,ATP2A2
ENST00000252252.3,38.118,59.698,271.842,KRT6B
ENST00000296930.5,10.7,0.359,1.497,NPM1
ENST00000424010.1,9.792,77.617,0.018,AC010980.2
ENST00000482713.1,0.191,15.518,0.109,BOD1L1
ENST00000546109.1,38.023,211.762,0.74,ZCCHC17
ENST00000320619.6,5.828,0.039,0.214,ZNRF1
ENST00000490917.1,13.184,0.09,0,BAP1
ENST00000426778.1,2.675,0.051,0,ERCC3
ENST00000427371.1,14.473,239.513,0.157,UBE2E2
ENST00000396789.4,0.478,0.86,5.081,LTB4R
ENST00000498711.1,0.717,0.847,6.702,CLTC
ENST00000401743.2,2.388,10.897,1.277,CD14
ENST00000587271.1,94.913,5.186,0.737,AC092299.7
ENST00000426592.2,54.263,348.115,0,IFI16
ENST00000466892.1,6.831,25.183,9.421,HLA-C
ENST00000384687.1,886.128,0.064,0,RNVU1-7
ENST00000554052.1,51.684,2.054,2.704,FAM177A1
ENST00000517940.1,8.216,105.214,0.135,AP3B1
ENST00000395748.3,0.096,0.026,14.702,AREG
ENST00000519077.3,0.669,0.27,3.991,TUG1
ENST00000510207.1,152.329,413.884,3.096,AIMP1
ENST00000362079.2,869895.847,84073.211,2706.904,MT-CO3
ENST00000466448.1,18.008,117.433,0.158,SRSF4
ENST00000491299.1,3.344,20.948,0,CMSS1
ENST00000502448.1,1.146,10.217,0.272,NFXL1
ENST00000272139.4,213.901,618.664,4.249,C1orf35
ENST00000395686.3,0.717,0.308,13.43,ERO1L
ENST00000494045.1,5.589,111.4,0,REXO4
ENST00000494166.1,14.235,51.432,0,CARD10
ENST00000469408.1,1.672,7.997,0.271,PUS7
ENST00000355007.3,8.407,0.244,0.551,PPP2R4
ENST00000414907.2,0.717,29.535,0,NCOA4
ENST00000359158.7,8.264,338.129,5.531,ANKRD12
ENST00000548118.2,10.748,0.218,0.347,ATF7
ENST00000410080.1,4.968,48.84,4.52,PRPF40A
ENST00000525948.1,2.006,54.551,0,PUM1
ENST00000569021.1,8.455,118.845,0.786,MPHOSPH6
ENST00000554332.1,8.885,37.814,9.156,EIF2S1
ENST00000239457.5,2.341,0.09,0.057,DARS2
ENST00000550107.1,5.875,23.964,0.55,PPP1R12A
ENST00000512589.1,20.492,544.268,0.248,LARP7
ENST00000380747.1,19.393,151.255,0,HMGN1
ENST00000308696.6,58.515,161.1,5.669,PSMD1
ENST00000537363.1,1.337,7.701,0.272,KRI1
ENST00000319092.5,0.908,16.468,0.199,NAP1L4P1
ENST00000467348.1,7.643,33.142,4.185,U2SURP
ENST00000509622.1,4.633,39.726,2.004,LARP7
ENST00000537768.1,40.554,1.977,0.055,BCL11A
ENST00000472398.1,6.878,70.365,0.755,TTC3
ENST00000451599.2,1.146,6.328,0,ITPR2
ENST00000269321.7,3.439,3.35,25.631,ARHGDIA
ENST00000482419.1,15.381,1432.249,0.581,FAM208B
ENST00000382406.3,31.287,293.923,8.33,FAM177A1
ENST00000282007.3,60.521,165.798,0.403,ZC3H13
ENST00000367478.4,2.627,27.584,2.954,TPR
ENST00000447750.2,1.337,1.014,7.048,GDI1
ENST00000465261.2,2.723,0.257,0.082,LMO7
ENST00000301180.5,0.191,0.051,1.796,DIP2B
ENST00000485767.1,158.587,22.924,0.161,GSN
ENST00000303562.4,2.914,0.616,31.255,FOS
ENST00000518639.1,40.745,5.109,0.349,RP11-158K1.3
ENST00000583325.1,3.248,40.034,0.033,PIEZO2
ENST00000543959.1,2.532,13.798,17.561,MRPL51
ENST00000536441.1,0.334,0.116,4.239,SESN3
ENST00000334914.7,13.709,204.741,0.297,KMT2E
ENST00000250457.3,0.717,0.154,8.848,EGLN3
ENST00000330838.6,13.184,0.372,0.403,ANKRD17
ENST00000536064.1,8.025,353.3,0,STAMBP
ENST00000485569.1,96.299,355.2,2.132,7-Sep
ENST00000576826.1,6.305,49.687,0.494,CCDC64B
ENST00000390598.2,41.271,231.49,0.121,IGHV3-7
ENST00000393387.1,1.958,26.711,0.816,PHF3
ENST00000407559.3,8.264,118.37,1.006,WDR60
ENST00000468958.1,18.056,66.206,0,ABCF1
ENST00000530304.1,1.003,279.495,0,PCF11
ENST00000427430.2,2817.068,363.466,0,MYO10
ENST00000222266.2,31.908,0.629,4.931,PSENEN
ENST00000492914.1,0.908,23.9,0.07,FAM21A
ENST00000254605.6,1.529,0.051,0.099,RRP8
ENST00000296129.1,1.051,3.081,5.4,CDCP1
ENST00000216297.2,14.235,58.081,5.503,SUPT16H
ENST00000474453.2,4.347,26.903,0.478,ZCCHC11
ENST00000371410.3,4.49,122.901,3.397,NKAP
ENST00000369202.1,2.006,5.776,0.052,NBPF20
ENST00000368653.3,0.43,9.126,1.308,MKI67
ENST00000472396.1,13.232,0.462,0.072,UBE2H
ENST00000609205.1,275.187,15.557,0.098,MSN
ENST00000396859.1,8.311,3.953,142.192,GAPDH
ENST00000339907.4,0.334,19.395,0,ZNF292
ENST00000352904.1,1.242,0.924,7.553,FGFR3
ENST00000380516.2,0.764,13.606,2.644,SLTM
ENST00000554215.1,0.096,0.347,3.078,DCAF5
ENST00000375954.1,1.529,37.904,0.171,ERCC5
ENST00000553444.1,0.048,177.889,0.408,HNRNPC
ENST00000308346.6,0.43,18.265,0.052,WDR52
ENST00000406921.3,15.047,907.58,0,ITSN2
ENST00000492372.1,355.435,1449.051,3.888,DKC1
ENST00000507915.1,8.264,0.513,0.113,ANKRD13D
ENST00000519237.1,1.051,26.12,0,POLR3D
ENST00000344548.3,1.767,3.376,12.916,CDC42
ENST00000400061.1,11.846,0.128,0.281,LYPLA2
ENST00000528717.1,3.583,23.977,0.462,RP11-315O6.1
ENST00000533422.1,0.382,127.637,0,BCLAF1
ENST00000526049.1,0.143,7.419,4.676,VIMP
ENST00000400198.3,227.706,1290.659,1.305,ARGLU1
ENST00000361675.2,118.367,1051.994,2.261,CALD1
ENST00000491249.1,7.261,64.037,0.842,HSPD1
ENST00000588991.2,5.398,0.924,26.709,GPI
ENST00000498223.1,23.931,1.438,0,CTTN
ENST00000361453.3,654790.085,30949.473,825.046,MT-ND2
ENST00000413716.2,0.143,9.935,1.083,CCDC88A
ENST00000263253.7,2.197,21.679,1.13,EP300
ENST00000476511.1,6.878,58.53,1.254,ZC3H6
ENST00000225719.4,0.096,0.039,1.478,CPD
ENST00000324767.7,0.382,7.663,0.367,SCAPER
ENST00000430710.3,1.72,4.967,0.907,CHD8
ENST00000424732.1,12.563,135.082,0.502,HP1BP3
ENST00000358901.6,1.242,0.513,9.476,VCP
ENST00000304718.4,4.538,29.432,3.918,GGNBP2
ENST00000457199.2,1.242,2.927,9.078,CHORDC1
ENST00000480896.1,0.096,0.86,0.104,PCNT
ENST00000322213.4,1.003,18.06,2.15,SMC1A
ENST00000426263.3,1.863,0.834,39.77,SLC2A1
ENST00000491415.2,0.86,7.124,0.78,DIEXF
ENST00000326793.6,0.143,0.039,1.605,ACAP2
ENST00000390556.2,45.618,0.18,0,IGHD
ENST00000522706.1,1.146,37.711,0,ERICH1
ENST00000590114.1,75.424,532.614,9.895,NMT1
ENST00000418132.3,0.287,7.676,0.013,CASC3
ENST00000525159.1,2.293,0.103,0,TOLLIP
ENST00000491737.1,5.445,102.171,2.388,THOC2
ENST00000447894.2,1.242,5.365,0,MLLT4
ENST00000317840.5,0.287,4.428,11.536,COL3A1
ENST00000345382.2,0.191,0.116,3.593,BNC1
ENST00000515763.1,148.126,16.391,3.665,COX7C
ENST00000301280.5,2.245,8.433,1.621,CHAF1A
ENST00000525078.1,6.496,105.753,0.383,USP47
ENST00000298875.4,0.239,1.258,3.257,CPSF2
ENST00000414790.1,471.462,13.349,42.569,H19
ENST00000370660.3,6.162,241.387,1.034,MAP7D3
ENST00000426837.2,0.239,4.454,0.352,MAP4
ENST00000357429.6,5.732,17.367,4.898,C7orf50
ENST00000437131.1,1.767,83.431,2.843,GOLGA4
ENST00000560081.1,1.146,2.708,9.719,RHCG
ENST00000557924.1,2.914,160.522,0.391,SLTM
ENST00000263388.2,0.669,0.218,5.236,NOTCH3
ENST00000407193.1,4.872,27.609,1.732,RPS14
ENST00000484294.1,10.174,72.072,0,SON
ENST00000536127.1,0.525,18.74,0.096,CWC25
ENST00000475836.1,2.675,12.746,10.434,RPL22L1
ENST00000579963.1,3.296,0.167,0,CABLES1
ENST00000446587.2,80.631,396.941,0,LLPH
ENST00000357992.4,0.239,0.154,1.243,ELK4
ENST00000271835.3,10.413,18.701,32.349,CRNN
ENST00000343936.4,0.048,1.258,0,ZC3H6
ENST00000375000.1,5.732,151.114,0.323,HP1BP3
ENST00000244333.3,6.449,5.237,32.824,LYPD3
ENST00000398782.2,1039.986,4050.085,1.019,RRBP1
ENST00000426496.2,148.89,794.204,0.041,PRRC2C
ENST00000495113.1,13.709,0.398,0,TMBIM1
ENST00000264474.3,3233.072,240.244,178.826,CSTA
ENST00000421670.3,2.054,284.283,0.736,DDX55
ENST00000359943.3,0.621,1.181,15.899,FAM3C
ENST00000458039.3,62.766,318.529,5.139,RALBP1
ENST00000558477.1,5.875,1979.611,0.17,UBE2Q2P3
ENST00000300231.5,0.287,2.079,0.188,MAP1A
ENST00000399568.1,18.677,0.77,1.217,C22orf39
ENST00000536657.1,41.892,687.219,0,WASF2
ENST00000418279.1,1.385,0.064,0,CEP170B
ENST00000466092.1,71.412,459.374,2.429,PARD3
ENST00000432675.1,8.311,0.257,0.051,EIF3D
ENST00000520764.1,7.786,27.828,0.191,WDR55
ENST00000262455.6,0.191,0.898,2.207,ERP44
ENST00000436461.2,2.484,171.535,1.603,CALD1
ENST00000529223.1,7.977,370.564,0.537,WHSC1L1
ENST00000353047.6,2.579,24.221,8.987,CTSB
ENST00000508733.1,19.011,651.074,0.281,SPINK5
ENST00000330836.5,1.433,0.154,8.178,DDX24
ENST00000369114.5,41.175,6.264,0.222,ANP32E
ENST00000358768.2,0.812,23.964,0.034,PARD3B
ENST00000512608.1,10.174,130.179,0,KIAA0947
ENST00000549471.1,6.544,36.248,7.305,TMBIM6
ENST00000460795.1,744.26,10556.162,8.062,SRSF11
ENST00000341193.5,19.346,1.091,0.114,HAP1
ENST00000482325.1,0.143,0.757,1.014,GCC2
ENST00000264010.4,1.529,9.165,2.406,CTCF
ENST00000361337.2,44.758,348.217,10.451,TOP1
ENST00000481849.1,8.837,31.024,37.908,HLA-B
ENST00000303219.8,0.525,23.541,0.179,SMC2
ENST00000300527.4,1.385,14.209,8.566,COL6A2
ENST00000411510.1,2.818,35.811,0.983,NCOR1
ENST00000374810.3,15.429,0.796,0.806,TP53INP2
ENST00000298902.5,12.181,15.403,78.229,IFI27
ENST00000564652.1,8.073,129.434,0.754,TCF25
ENST00000475066.1,0.478,15.364,0.026,PAXIP1
ENST00000264431.4,0.143,0.873,0.501,RAPGEF2
ENST00000591123.1,28.899,763.847,0.726,SAFB2
ENST00000545971.1,4.204,31.884,1.807,CWC15
ENST00000390297.2,16.289,126.919,1.049,IGLV1-44
ENST00000293774.4,47.146,0.475,0.331,KRT4
ENST00000378637.2,0.908,16.584,0.028,PLCB1
ENST00000482772.1,22.689,127.92,2.468,PPIG
ENST00000298649.3,6.831,0.321,0,HK1
ENST00000551018.1,30.714,0.924,0.527,PFDN5
ENST00000393562.2,2.723,0.539,15.927,G6PD
ENST00000432197.1,4.729,22.18,0.091,KRI1
ENST00000555679.1,293.911,787.953,16.636,PSMC1
ENST00000542629.1,2.436,34.887,0.68,PPFIBP1
ENST00000293831.8,28.135,9.96,103.348,EIF4A1
ENST00000472056.1,6.257,33.629,3.631,COL6A3
ENST00000277225.5,0.096,0.783,0.396,ZNF462
ENST00000479712.1,96.967,253.555,0.773,UPF3A
ENST00000473766.1,7.022,0.231,0.018,UFC1
ENST00000565442.1,4.347,104.328,1.505,CHD9
ENST00000278100.6,9.84,113.48,3.655,BCCIP
ENST00000178638.3,0.43,1.168,5.852,CA12
ENST00000269243.4,0.239,15.968,2.792,MYH10
ENST00000429888.1,1.337,44.706,0.36,NKTR
ENST00000586005.1,22.976,0.616,0.078,SMIM22
ENST00000403231.1,2.962,22.206,0.258,KIF3A
ENST00000232219.2,12.849,1.463,69.821,RBP1
ENST00000361367.2,19.107,59.301,2.066,CTR9
ENST00000332499.2,4.681,15.801,1.672,HEXIM1
ENST00000355272.6,1.958,10.076,1.541,AP3D1
ENST00000495873.1,1.099,80.325,0.183,PSIP1
ENST00000360016.5,19.107,511.538,0.088,BRD4
ENST00000381458.5,100.836,2.336,19.61,TGM3
ENST00000301011.5,7.07,21.744,1.724,ZC3H18
ENST00000267814.9,0.382,0.526,3.014,SORD
ENST00000460827.1,28.708,1114.157,0.674,PCYT1A
ENST00000361739.1,667602.573,47000.547,3082.379,MT-CO2
ENST00000497887.1,6.257,508.303,2.939,THOC2
ENST00000314888.9,0.669,0.552,2.848,TLN1
ENST00000484723.2,0.334,5.186,0.059,ZCCHC11
ENST00000491110.1,66.444,310.339,0.059,MX1
ENST00000378635.3,122.379,389.086,0.953,CDK11A
ENST00000531904.2,3.726,50.405,0.024,KMT2A
ENST00000497214.1,24.313,541.701,0,SRSF10
ENST00000309334.5,0.955,45.746,0.078,ARID5B
ENST00000508628.2,0.287,1.784,0.404,RNF213
ENST00000261797.6,0.239,0.231,1.58,NDST1
ENST00000409470.1,6.305,0.051,0.038,USP39
ENST00000335730.2,0.573,4.48,0.002,LOXHD1
ENST00000405273.1,6.019,0.154,0,TK1
ENST00000583127.1,4.729,65.474,0.132,MSL1
ENST00000491285.1,11.655,43.923,0.098,WI2-3658N16.1
ENST00000604404.1,23.549,0.27,1.549,FXYD3
ENST00000419119.1,0.334,5.057,0.157,FIGNL1
ENST00000512629.1,0.573,11.193,0.778,RAI14
ENST00000272091.7,5.875,67.015,1.504,SDE2
ENST00000565024.1,1.815,47.774,0.098,RP11-646E18.4
ENST00000324873.6,43.946,3.299,2.623,NUPR1
ENST00000558357.1,2.006,40.92,0.013,INO80
ENST00000511832.1,22.021,0.295,0.088,PHB
ENST00000259512.4,0.717,1.053,6.485,DERL1
ENST00000484817.1,16.145,68.709,0.29,IGKV2-24
ENST00000460284.1,6.926,0.257,0.052,XRCC5
ENST00000555970.1,5.302,15.262,2.125,NEMF
ENST00000246006.4,0.143,1.027,0.502,CD93
ENST00000409495.1,15.094,1.117,0.962,EIF4E2
ENST00000587351.1,161.31,462.236,0.055,FAM32A
ENST00000478123.1,23.549,0.667,0,PSMD14
ENST00000202816.1,24.457,189.235,3.149,ESF1
ENST00000553324.1,26.941,0.616,0,SHMT2
ENST00000470886.1,8.407,33.052,0.09,RRP1B
ENST00000547708.1,39.695,0.68,5.638,HNRNPA1
ENST00000300651.6,2.054,26.454,0.724,MED1
ENST00000307771.7,94.77,622.039,0.833,ZRSR2
ENST00000368232.4,15.19,139.78,5.146,GPATCH4
ENST00000251047.5,1.242,10.32,4.166,LMAN1
ENST00000559111.1,56.938,184.088,0.021,HSP90B2P
ENST00000315274.6,1.529,21.063,40.021,MMP1
ENST00000459638.1,2.723,28.957,0.116,FRMD4B
ENST00000535374.1,2.866,13.118,0,ZMYND11
ENST00000422974.2,190.925,517.635,0,ZFP91-CNTF
ENST00000551781.1,134.847,2946.518,6.568,PPP1R12A
ENST00000603289.1,66.778,399.816,0,DNAJC8
ENST00000475379.1,1.194,46.619,1.275,WDHD1
ENST00000480550.1,3.535,20.049,5.766,NAA20
ENST00000381346.4,0.764,7.303,6.987,RDH11
ENST00000597346.1,0.096,0.257,0.042,KCNQ1OT1
ENST00000547249.1,5.923,41.69,0.042,ELK3
ENST00000497888.1,14.044,173.499,0.587,IWS1
ENST00000006967.5,4.442,39.392,0,JHDM1D
ENST00000594907.1,5.971,0.167,0,HNRNPM
ENST00000366639.4,0.908,1.065,5.022,TSNAX
ENST00000297857.2,0.382,0.116,3.087,ZHX1
ENST00000274242.5,110.629,8.125,2.239,RPL37
ENST00000591519.1,133.509,516.223,0,VPS4B
ENST00000450599.2,0.955,2.118,8.365,DDX5
ENST00000553307.1,11.798,225.008,2.142,DAAM1
ENST00000375957.1,5.35,207.578,0.977,ZCCHC6
ENST00000600341.1,12.658,0.116,0,USF2
ENST00000367922.3,0.096,1.04,0.522,DDR2
ENST00000260810.5,0.191,0.231,2.451,TOPBP1
ENST00000504952.1,3.296,0.051,0,DCK
ENST00000446924.1,0.191,4.223,0,BRWD1
ENST00000379751.4,64.677,6.02,3.849,CENPB
ENST00000511155.1,6.926,121.078,0,XPC
ENST00000064778.4,0.764,0.077,4.736,FAM168A
ENST00000473176.1,10.174,181.008,0,TOX4
ENST00000425443.2,0.334,1.656,2.632,COL12A1
ENST00000390603.2,40.077,113.377,0.039,IGHV3-15
ENST00000331738.7,0.621,6.944,3.839,RSRC2
ENST00000392667.2,6.353,21.076,0,IVL
ENST00000504492.1,7.882,40.201,0.817,MAP1B
ENST00000411529.2,0.239,0.911,5.389,HNRNPA3
ENST00000217939.6,0.096,0.526,0.723,MXRA5
ENST00000361567.2,147240.626,15931.524,494.407,MT-ND5
ENST00000445020.1,2.15,32.846,0.008,KNOP1P4
ENST00000600659.2,238.358,20.948,25.798,RPS28
ENST00000535925.1,1.863,41.729,0.561,KIN
ENST00000479842.1,8.741,209.233,0.463,SERPINB13
ENST00000464116.1,26.941,0.205,0,XRCC6
ENST00000397885.2,2.532,108.769,2.453,KIAA0020
ENST00000274203.9,0.096,13.952,0,MYO10
ENST00000569781.1,8.885,74.806,0.938,GOLGA8A
ENST00000324453.8,3.487,0.141,0.282,C7orf41
ENST00000464716.1,95.009,359.102,18.458,RPS24
ENST00000285379.5,1.099,0.128,12.865,CA2
ENST00000553753.1,1.385,16.173,0.225,HNRNPC
ENST00000473719.1,1.385,206.05,0.015,LPHN2
ENST00000463912.1,4.108,16.545,0.398,C7orf55-LUC7L2
ENST00000550471.1,3.583,63.395,0.103,GCN1L1
ENST00000418919.2,0.287,0.59,2.52,GNS
ENST00000378757.2,3.153,14.222,1.249,OPTN
ENST00000258105.7,31.717,0.95,2.561,MRPL53
ENST00000548216.2,4.968,50.855,0.007,KIAA0430
ENST00000170168.4,0.287,1.938,0.846,REXO1
ENST00000402203.1,2.388,40.509,0.243,TNRC6B
ENST00000031146.4,0.191,0.026,2.437,SLC39A9
ENST00000486886.1,0.669,19.716,3.666,PHLDB2
ENST00000369622.3,3.296,32.808,4.717,SYNCRIP
ENST00000555592.1,0.669,6.11,15.103,NPC2
ENST00000438912.1,7.117,263.387,0,RBM6
ENST00000305363.4,0.669,1.874,19.094,TMPRSS11E
ENST00000443339.1,0.621,12.797,0.018,SETD5
ENST00000333751.3,0.955,0.141,7.728,KCTD11
ENST00000463972.1,3.391,112.928,2.937,SLC39A7
ENST00000339647.5,0.86,0.526,37.864,UBC
ENST00000353999.6,9.41,3.414,35.641,EIF4H
ENST00000560615.1,1.003,44.103,0,TPM1
ENST00000314761.4,0.717,12.643,2.924,WDR75
ENST00000397752.3,0.143,0.103,6.415,MET
ENST00000463859.1,80.774,2503.971,5.777,SRSF11
ENST00000422646.1,39.742,612.785,0,DYNC1I2
ENST00000230122.3,0.191,5.263,0.313,ZBTB24
ENST00000539286.1,13.47,0.706,0,BRI3
ENST00000331925.2,59.136,17.675,230.173,ACTG1
ENST00000358789.3,2.723,4.172,10.985,KLK10
ENST00000249270.7,13.661,153.591,0.907,DNAJC2
ENST00000392000.4,45.331,371.771,0,LRRFIP1
ENST00000285873.7,0.334,7.226,0.48,GEMIN5
ENST00000403721.1,1.242,6.572,0.315,MTIF2
ENST00000507206.1,12.706,94.021,1.815,FIP1L1
ENST00000377083.1,0.621,7.701,0,KIF1B
ENST00000464463.1,9.41,936.666,0.886,OFD1
ENST00000378852.3,0.287,0.424,2.895,API5
ENST00000529615.1,5.732,143.592,1.377,CCDC34
ENST00000296564.7,0.382,2.644,0.884,KIAA0947
ENST00000479255.1,66.253,424.063,2.65,GNL2
ENST00000464938.1,22.021,1923.802,29.968,NUCKS1
ENST00000593892.1,36.112,1.399,2.419,SEPW1
ENST00000378230.3,0.955,5.352,0.586,CEP104
ENST00000491805.1,7.213,46.247,0.426,SPG20
ENST00000330459.3,2.245,0.693,20.626,KPNA2
ENST00000442711.1,5.589,27.956,2.721,INHBA
ENST00000423902.2,1.863,6.315,0.731,CHD7
ENST00000441867.1,61.19,259.51,2.89,ABCF1
ENST00000366955.3,1.385,8.818,2.261,CENPF
ENST00000399799.2,0.812,23.309,1.491,ROCK1
ENST00000300408.3,0.955,1.219,10.031,PHB
ENST00000395850.3,3.917,1.694,24.811,CD59
ENST00000359755.5,0.143,3.889,0.002,AKAP12
ENST00000377662.2,0.525,16.083,0.036,BTN2A3P
ENST00000482771.1,25.173,1.45,1.014,TMEM54
ENST00000374642.3,25.317,84.946,1.156,C1QA
ENST00000605497.1,0.525,63.023,0,PALMD
ENST00000481695.1,8.55,123.106,3.451,FABP5
ENST00000448752.2,37.641,357.639,14.04,PPIG
ENST00000506731.1,15.906,65.231,1.734,11-Sep
ENST00000482512.1,0.478,50.136,1.031,GOLGB1
ENST00000271883.5,27.753,87.231,0.018,GON4L
ENST00000309042.7,3.63,26.236,2.045,REST
ENST00000260956.4,17.053,118.396,29.351,SSB
ENST00000399586.2,0.143,1.99,0.077,TTC3P1
ENST00000441174.3,1.242,5.121,0.223,TBRG1
ENST00000409739.2,213.615,671.854,0.271,TRAF3IP1
ENST00000524027.1,1.099,59.698,0,OTUD6B
ENST00000392403.3,0.143,3.389,0.06,ASH1L
ENST00000338338.5,37.641,3.209,2.539,AURKAIP1
ENST00000504110.1,85.885,1.412,1.854,C4orf3
ENST00000379858.1,6.496,87.038,0.581,TOPORS
ENST00000324460.6,8.885,26.685,28.159,HSPA5
ENST00000395785.2,32.577,102.839,2.703,EBAG9
ENST00000434928.1,10.222,0.116,0.139,TP63
ENST00000444067.2,1.194,209.593,0.16,NSRP1P1
ENST00000296755.7,0.621,17.636,0.778,MAP1B
ENST00000564255.1,0.525,12.374,1.063,CHD9
ENST00000582447.1,61.333,1480.074,2.323,CHD2
ENST00000544040.1,29.616,103.545,2.675,CHD4
ENST00000533675.1,1.194,5.699,0.064,CEP164
ENST00000549962.1,16.241,0.488,0.426,ZNF385A
ENST00000466569.1,1.672,37.493,0,DZIP1
ENST00000396137.4,0.382,1.823,0.46,JMY
ENST00000361866.3,8.598,110.181,6.731,COL6A1
ENST00000540379.1,40.889,387.109,0.219,PSMD7
ENST00000572954.1,152.282,3.35,4.444,TCEB2
ENST00000499521.2,1.194,2.387,2.5,CTB-89H12.4
ENST00000521262.1,24.982,0.809,2.737,RPS20
ENST00000520200.1,0.191,0.18,4.55,FAT2
ENST00000529653.1,1.194,8.587,0.55,TAF2
ENST00000521776.2,0.478,2.195,0.829,UTP14C
ENST00000229812.7,6.305,21.448,3.089,STK38
ENST00000504696.1,58.945,227.319,5.203,SRP19
ENST00000444918.2,5.875,0.167,0.855,CAPN14
ENST00000418664.2,20.158,259.562,21.386,DSP
ENST00000491395.1,61.763,7.932,0.502,APP
ENST00000222573.4,0.334,0.026,2.251,ITGB8
ENST00000540114.1,0.621,40.265,0.049,PPFIBP1
ENST00000347433.4,3.965,173.281,2.499,SRRT
ENST00000482596.1,93.098,893.243,2.195,CHD6
ENST00000410049.1,4.06,37.454,2.773,C2orf49
ENST00000415314.2,140.435,872.899,0,GPATCH4
ENST00000426621.2,9.697,0.77,0.948,MAFF
ENST00000415169.2,0.812,25.337,0,RP11-22B23.1
ENST00000447771.2,5.254,28.174,0,RBM22
ENST00000562702.1,5.923,497.637,0.194,HDGFRP3
ENST00000506502.1,3.439,84.779,0.199,RBM27
ENST00000381261.3,90.089,256.314,0.165,AKAP17A
ENST00000548830.1,3.678,49.969,0.011,ASH1L
ENST00000577940.2,2.532,23.066,0.023,DDX42
ENST00000400337.2,0.43,2.156,1.706,COL18A1
ENST00000525193.1,0.096,32.962,0,EPB41L2
ENST00000538112.2,0.669,6.315,2.507,CERS3
ENST00000520953.1,34.822,1652.11,1.938,SREK1
ENST00000336735.4,0.812,2.079,3.435,SEL1L
ENST00000395535.3,248.103,1.694,4.06,SEC61G
ENST00000455702.1,36.399,178.441,0.085,TNNT2
ENST00000589774.1,16.432,96.549,0.02,AP2B1
ENST00000480411.1,38.453,2.901,0.064,NAGK
ENST00000497092.1,1.624,84.317,0,ASXL2
ENST00000361390.2,490275.71,34205.585,916.055,MT-ND1
ENST00000371477.3,5.016,43.218,1.825,CDC5L
ENST00000483048.1,10.652,58.89,0.23,PLXNA2
ENST00000256854.5,0.621,0.193,5.307,NARS
ENST00000336812.4,6.735,19.42,4.869,DHX15
ENST00000414869.2,10.795,0.18,0.992,BPNT1
ENST00000495350.1,12.467,115.533,0.091,CBX1
ENST00000495642.1,3.057,27.828,0.289,TRMT10C
ENST00000354817.3,0.191,0.411,2.308,FAR1
ENST00000426053.1,0.334,7.881,1.882,APOL1
ENST00000539826.2,2.293,6.841,2.497,ARHGAP5
ENST00000326648.3,0.191,5.34,0.987,ZNF609
ENST00000525373.1,47.481,740.166,0.659,LMO7
ENST00000262709.3,0.287,0.154,2.447,TOX4
ENST00000609375.1,18.581,0.424,2.433,MKKS
ENST00000367816.1,1.003,0.359,13.482,ATP1B1
ENST00000337386.5,0.621,0.372,4.908,NAB1
ENST00000395587.1,0.096,3.273,0.951,EIF3C
ENST00000571106.1,116.313,7.984,0,C17orf97
ENST00000568495.1,70.934,872.064,0.519,CENPT
ENST00000412011.1,193.839,1354.735,0,ITSN2
ENST00000470768.1,7.499,207.706,0.85,NASP
ENST00000382215.3,0.191,1.861,0.362,C1RL-AS1
ENST00000533153.1,2.293,79.517,0.049,CEP164
ENST00000216832.4,8.646,425.578,7.176,PNN
ENST00000449938.2,2.341,30.446,0.134,USP36
ENST00000514032.1,17.817,102.954,0,CANX
ENST00000405074.3,4.442,0.077,0.166,MAPRE3
ENST00000554989.1,0.334,1.72,12.761,CKB
ENST00000552981.1,1.242,4.274,22.739,SLC25A3
ENST00000455343.1,5319.971,21305.153,0.476,RBM39
ENST00000443617.2,0.43,1.823,0.31,HERC1
ENST00000314358.5,0.955,4.441,0.998,KDM3B
ENST00000437070.1,34.106,254.03,0.021,RNF168
ENST00000467937.1,3.869,26.185,0.015,CABIN1
ENST00000444268.1,12.754,0.411,0,COL28A1
ENST00000542082.1,4.204,75.627,1.166,WBP4
ENST00000381272.4,2.77,30.164,0.891,SMC6
ENST00000527986.1,3.248,21.782,2.008,WAC-AS1
ENST00000425011.1,275.043,890.804,0,TCEAL4
ENST00000338556.3,2.054,31.357,0.039,SP110
ENST00000532377.1,38.596,138.535,0,LMO7
ENST00000328252.3,0.143,7.406,0.083,PAPPA
ENST00000313368.5,2.15,16.609,6.78,TAF7
ENST00000489783.1,51.35,150.96,0.387,SHOC2
ENST00000343958.4,0.096,0.436,0.723,FGD6
ENST00000167586.6,99.117,135.595,1368.98,KRT14
ENST00000369047.4,1.433,2.888,11.332,ECM1
ENST00000370990.5,18.534,77.386,12.883,SERBP1
ENST00000515516.1,209.984,1295.139,0.724,TCOF1
ENST00000598436.1,3.296,29.894,0.235,EEF2
ENST00000303575.4,1.051,3.042,15.204,TMED10
ENST00000380550.3,0.669,6.187,0.122,OFD1
ENST00000268182.5,0.43,0.308,6.198,IQGAP1
ENST00000227266.5,3.726,5.16,67.74,CTSC
ENST00000535765.1,10.7,0.18,0,VPS37B
ENST00000489828.1,5.541,82.366,0,SRPK2
ENST00000525985.1,0.239,0.642,2.818,EPPK1
ENST00000571695.1,182.757,811.07,0.543,GPS2
ENST00000514057.1,108.288,10.833,0.373,MTATP6P1
ENST00000306749.2,0.334,0.141,2.073,FASN
ENST00000417710.1,227.754,1142.241,0,HP1BP3
ENST00000541549.1,77.239,554.434,0,EIF3A
ENST00000423943.1,46.525,1.656,4.348,RP11-48O20.4
ENST00000465487.1,8.216,597.395,2.133,SLC4A7
ENST00000271373.4,0.334,0.873,11.058,MPC2
ENST00000421573.1,41.319,153.758,0,SPATS2L
ENST00000451533.1,15.811,0.706,0.14,VSNL1
ENST00000539250.1,128.112,4686.244,0.356,CCAR1
ENST00000391338.1,24.266,293.384,0.078,ZRSR1
ENST00000483851.2,34.488,3.17,0,SHOX2
ENST00000226798.4,42.322,175.103,8.321,FRG1
ENST00000361842.3,0.143,0.424,3.986,XAF1
ENST00000546815.1,20.54,219.54,0.183,SART3
ENST00000330736.5,28.565,339.861,0.297,ANKRD11
ENST00000476527.2,0.143,3.106,0,ZFYVE20
ENST00000555544.1,9.219,57.35,4.668,AHNAK2
ENST00000405432.1,6.019,273.116,1.951,SRSF11
ENST00000589537.1,38.07,396.813,0.997,NFIC
ENST00000204549.4,9.744,116.316,1.253,PDCD7
ENST00000394288.3,11.464,1.219,0.667,LARP1B
ENST00000395603.3,5.828,74.678,2.332,ATRX
ENST00000485061.2,52.114,251.514,3.008,MYCBP2
ENST00000426846.2,23.072,297.915,0,HNRNPR
ENST00000420996.2,134.703,838.987,0.233,UPF3AP3
ENST00000493453.1,0.764,4.801,0,AKAP9
ENST00000443726.2,2.818,16.905,0.005,BCL11B
ENST00000329463.5,1.529,15.839,0,DHX36
ENST00000238256.3,1.099,6.97,1.685,FKBP15
ENST00000392456.3,0.764,27.224,0.939,CCDC50
ENST00000264012.4,1.29,1.835,15.827,CDH3
ENST00000487509.2,0.287,0.257,2.143,FUS
ENST00000368930.1,1.672,32.833,0,CDC40
ENST00000504314.1,20.731,1.181,0,ELF2
ENST00000254051.6,1.146,0.064,8.638,TNS4
ENST00000487074.1,7.929,23.528,0.042,FAM129A
ENST00000305536.6,20.014,99.617,5.258,RBMX2
ENST00000424877.1,37.067,139.818,0.38,KMT2C
ENST00000378026.4,0.764,1.489,6.615,CKAP4
ENST00000529994.1,5.254,70.378,1.597,SF3B2
ENST00000569282.1,160.259,13.439,8.137,BOLA2B
ENST00000521098.2,1.194,6.469,1.073,CDCA2
ENST00000373548.3,34.392,1.553,5.681,HDAC1
ENST00000322349.8,1.099,14.928,1.098,EEA1
ENST00000374982.5,2.77,32.949,0.796,HLA-DRA
ENST00000322536.3,4.299,105.368,1.305,DDX10
ENST00000510290.1,12.563,620.782,0.116,SRPK1
ENST00000478946.1,8.598,96.883,0.152,STAMBP
ENST00000369278.4,2.866,12.117,1.019,UFL1
ENST00000465066.1,0.621,14.697,0,DIAPH3
ENST00000530028.2,1.672,2.721,7.925,EID1
ENST00000532683.1,0.573,76.372,1.755,RBM25
ENST00000555053.1,7.308,61.457,0,ACIN1
ENST00000299427.6,1.146,2.156,3.737,TPP1
ENST00000480209.1,158.3,443.894,0,NUDCD3
ENST00000226225.2,0.334,0.321,4.219,TNFAIP1
ENST00000485668.1,9.41,0.847,0.121,BTBD19
ENST00000427335.2,0.334,0.167,5.844,LEPREL1
ENST00000337970.3,0.669,0.436,7.904,HNRNPF
ENST00000372027.5,0.191,1.887,0.375,MMRN2
ENST00000550479.1,234.011,1446.047,0.117,HSP90B1
ENST00000555324.1,43.325,184.076,6.84,DDX24
ENST00000299977.4,0.334,0.193,1.876,SLFN5
ENST00000252804.4,0.143,0.282,1.714,PXDN
ENST00000536809.1,102.317,6.341,4.197,RP11-543P15.1
ENST00000379161.4,0.287,8.651,0.377,NUFIP1
ENST00000464237.2,7.834,166.362,0.599,CTD-3199J23.6
ENST00000449289.1,64.056,4.865,3.981,GAS5
ENST00000276603.5,0.096,24.901,1.662,TERF1
ENST00000477862.1,11.369,399.072,1.347,NOL8
ENST00000366923.3,3.344,10.756,6.188,EPRS
ENST00000382058.3,9.697,1.322,0,FBXO7
ENST00000414818.1,7.595,152.782,0.375,TTC3
ENST00000398545.4,0.525,8.972,0.561,CCDC11
ENST00000538384.1,2.962,12.951,0,NOL10
ENST00000439815.1,34.583,3.735,0.042,DBNL
ENST00000434192.2,3.678,57.516,0,GTF2A1
ENST00000519293.1,17.865,428.94,0,MTDH
ENST00000487017.1,4.156,76.295,6.668,COL7A1
ENST00000345042.2,3.583,8.895,24.594,HSPD1
ENST00000479034.1,24.839,462.146,0,SRRM1
ENST00000334270.2,1.576,37.172,1.706,TTF1
ENST00000398454.1,9.267,123.53,1.285,SPINK5
ENST00000378165.4,1.958,10.641,0.488,NMT2
ENST00000360375.3,3.917,13.875,0.846,LRRCC1
ENST00000474274.1,7.117,178.197,0.793,PDS5B
ENST00000542388.1,4.92,0.026,0,ARNTL2
ENST00000367545.3,0.096,1.502,0.538,UTRN
ENST00000526468.1,8.168,0.244,0.065,CAPN1
ENST00000484441.1,44.519,277.827,0,CCDC66
ENST00000358951.2,0.143,0.282,1.943,RAB3GAP2
ENST00000261637.4,1.433,5.648,0.282,UTP20
ENST00000361804.4,3.2,35.978,4.007,SMC3
ENST00000403076.1,10.127,0.193,0,SDC1
ENST00000559011.1,38.644,870.999,0.429,EIF5
ENST00000268171.3,0.239,0.154,5.426,FURIN
ENST00000522603.1,118.176,2412.903,0.419,ASPH
ENST00000433454.2,3.439,218.359,0.073,NEFM
ENST00000326840.6,0.143,0.09,2.275,DCBLD2
ENST00000462749.1,1.911,18.329,0.077,EIF2B4
ENST00000380872.4,0.43,0.18,2.632,AKR1C1
ENST00000437043.3,0.382,2.798,1.636,ERAP2
ENST00000361381.2,556825.003,46120.332,1857.786,MT-ND4
ENST00000416718.2,15865.048,904.064,56.411,RP5-857K21.11
ENST00000496946.1,5.159,54.885,0.219,SNRNP48
ENST00000264025.3,0.143,0.347,10.858,PVRL1
ENST00000456682.1,15.524,0.154,0,KCMF1
ENST00000425764.1,9.41,142.116,0,BRD8
ENST00000243077.3,0.048,0.013,1.378,LRP1
ENST00000299314.7,0.669,9.588,1.063,GNPTAB
ENST00000439203.1,0.239,8.279,0,DST
ENST00000367315.2,58.801,190.609,0.253,TNNT2
ENST00000350608.3,66.922,4.788,6.901,DDT
ENST00000242057.4,0.143,0.282,4.917,AHR
ENST00000376980.3,2.818,14.787,1.83,DNAJC1
ENST00000243662.6,2.102,0.603,18.719,RAB38
ENST00000440945.1,671.176,29.714,0,GIGYF2
ENST00000429437.1,537.046,55.899,24.095,RPL35A
ENST00000256759.3,0.478,0.565,5.218,FST
ENST00000414773.1,3.391,0.244,0.008,CLGN
ENST00000534770.1,4.586,217.435,1.846,TAF1D
ENST00000375213.3,0.287,0.385,3.742,MLTK
ENST00000390594.2,32.004,1.502,0,IGHV1-2
ENST00000536154.1,17.531,259.048,1.608,CCDC91
ENST00000466992.1,0.478,9.203,0.007,AK9
ENST00000409304.1,0.43,1.194,9.161,SERPINE2
ENST00000437915.1,24.122,238.511,0.02,TYW1B
ENST00000335753.4,4.872,22.552,0.532,SLK
ENST00000553176.1,46.43,337.833,0.228,RP11-977G19.5
ENST00000361758.4,0.191,0.398,1.796,QKI
ENST00000270221.6,1.29,10.05,6.425,EMP3
ENST00000400020.3,1.672,25.389,2.058,ANKRD12
ENST00000528205.1,8.073,37.981,0.096,MED19
ENST00000415680.2,0.525,10.525,1.137,TRIM24
ENST00000307145.3,0.287,0.167,2.964,KLF13
ENST00000349693.3,0.86,16.763,0.245,POP1
ENST00000542807.1,1.529,0.039,0,RAP1GAP2
ENST00000393234.1,13.232,200.518,0,SESN3
ENST00000259253.6,0.287,0.629,1.16,UGGT1
ENST00000524674.1,40.268,170.252,0,AK9
ENST00000424241.1,85.933,12.001,0.029,RP6-159A1.3
ENST00000369762.2,1.099,3.671,7.692,ATP6AP1
ENST00000374026.3,5.063,0.475,0.108,C6orf106
ENST00000583239.1,10.604,45.092,0,DDX5
ENST00000403007.3,6.449,38.443,0.135,CCDC104
ENST00000557106.1,23.024,680.441,0.607,NRDE2
ENST00000471232.1,0.86,4.274,0.871,BIRC6
ENST00000356083.3,0.239,0.385,3.544,COL27A1
ENST00000522842.1,14.33,68.914,0.887,CETN3
ENST00000360629.3,11405.029,45709.529,1.954,ARGLU1
ENST00000532455.1,55.601,2195.185,7.229,TAF1D
ENST00000326431.3,2.723,42.075,0.052,TMIE
ENST00000484047.1,19.823,135.916,0,TTC3
ENST00000367739.4,2.77,1.63,13.249,IFNGR1
ENST00000538861.1,7.07,161.113,0,PRPF4B
ENST00000460483.1,0.717,40.047,0.462,SMNDC1
ENST00000368847.4,0.143,7.535,0.206,KIAA1919
ENST00000436396.1,0.048,0.398,1.644,VCL
ENST00000555242.1,12.897,44.013,1.897,FOS
ENST00000543706.1,45.331,2571.82,3.513,CCAR1
ENST00000261845.5,1.337,6.713,9.355,MAPK6
ENST00000584285.1,13.805,204.176,0.095,SUPT6H
ENST00000429728.1,72.893,2.824,2.67,SNRPG
ENST00000371485.3,0.955,3.196,3.502,CEP55
ENST00000457326.2,54.168,4.287,1.84,CAPNS2
ENST00000432750.1,1.767,8.086,0.352,SLTM
ENST00000519108.1,11.464,170.431,1.083,HDAC2
ENST00000561409.1,2.388,21.166,0.046,RP11-815J21.2
ENST00000537439.1,0.143,1.181,5.302,DCTN2
ENST00000550697.1,44.089,0.744,5.149,MYL6
ENST00000570758.1,181.85,487.651,0,CHD3
ENST00000540921.1,0.43,15.274,0,ZMAT1
ENST00000436088.1,39.217,1.284,0.863,UBTF
ENST00000470352.1,14.473,125.237,1.14,RPN2
ENST00000393145.5,1.051,3.941,0.188,ACSF3
ENST00000492686.1,12.802,838.871,0,FAM133B
ENST00000547650.1,30.762,296.913,0.703,BAZ2A
ENST00000460194.1,79.341,1074.302,0.173,SRRT
ENST00000354185.4,13.232,112.401,7.534,DDX21
ENST00000544868.1,3613.872,72738.723,216.859,MALAT1
ENST00000361335.1,677747.696,29397.057,1509.969,MT-ND4L
ENST00000444636.1,25.317,133.709,0,SP140L
ENST00000327331.2,4.633,27.045,0.843,CDCA8
ENST00000521026.1,2.723,0.424,176.296,NDRG1
ENST00000566586.1,0.143,1.758,0.261,MGA
ENST00000442431.1,2.293,2.541,73.064,PGK1
ENST00000361441.4,1.576,3.235,5.459,APOBEC3C
ENST00000296370.3,125.628,5.789,5.968,S100P
ENST00000441448.2,4.681,16.622,3.587,RPF2
ENST00000401547.2,7.213,43.192,0.804,SUV420H1
ENST00000267485.7,0.143,1.9,0.051,C14orf37
ENST00000498810.1,9.41,311.61,0.757,CDK11A
ENST00000461940.1,1.958,22.578,0.052,GIMAP4
ENST00000570597.1,0.525,1.309,4.524,RCOR1
ENST00000325805.8,3.583,15.159,1.01,BBX
ENST00000444469.3,18.772,1.091,0.191,TMEM238
ENST00000348022.2,4.586,182.895,1.297,RBBP6
ENST00000513356.1,35.443,211.954,0.948,NSA2
ENST00000330188.9,0.287,0.847,8.747,TPM3
ENST00000417647.2,8.932,28.148,6.134,IK
ENST00000594828.3,15.285,0.667,1.496,LSM4
ENST00000336338.5,0.478,11.27,0.202,SPAG17
ENST00000534320.1,0.717,14.812,0,PHRF1
ENST00000546585.1,0.573,7.945,0.031,CS
ENST00000505034.1,68.832,494.916,1.359,LARP7
ENST00000428647.1,15.62,75.217,0.013,AC092669.3
ENST00000380738.4,3.153,15.236,1.667,PSIP1
ENST00000430262.2,7.929,64.152,0,ZNF652
ENST00000433108.1,1.481,0.282,7.852,MIR205HG
ENST00000316626.5,0.764,12.13,2.802,GSK3B
ENST00000467214.1,307.477,3179.83,0.466,RBM17
ENST00000508076.1,5.207,9.871,16.76,TGFBI
ENST00000297151.4,22.642,83.663,2.12,SLU7
ENST00000513542.1,160.88,898.737,0,RP11-301H24.4
ENST00000382848.4,15.62,21.538,84.642,GJB2
ENST00000313468.5,62.623,0.462,9.085,NDUFS8
ENST00000606445.1,0.287,24.285,0,BASP1
ENST00000261942.6,0.43,8.664,2.251,FAF2
ENST00000549884.1,1.146,17.007,0.029,BAZ2A
ENST00000525883.1,0.86,25.286,0.008,DNHD1
ENST00000323013.6,0.287,0.462,4.663,RRP7A
ENST00000355680.3,1.911,11.244,0.308,PRMT2
ENST00000458244.2,113.59,1.758,2.176,KRT4
ENST00000430857.1,13.566,0.963,0,AGFG2
ENST00000374804.5,10.031,29.535,1.225,LAS1L
ENST00000324883.5,2.723,0.193,0.095,GRHL1
ENST00000354600.5,2.293,0.128,13.844,TP63
ENST00000564250.1,3.2,26.48,0,C16orf87
ENST00000427372.1,25.03,447.141,1.714,FAM133B
ENST00000606654.1,24.027,363.081,1.23,LL22NC03-2H8.5
ENST00000535781.1,7.834,80.941,0,PRPF6
ENST00000507175.1,2.484,89.708,0,TCERG1
ENST00000404251.1,11.846,292.087,1.161,BAZ1B
ENST00000541197.1,0.478,13.246,0.953,ARSJ
ENST00000541483.1,1.194,8.433,0,MRVI1
ENST00000522111.2,23.167,0.655,2.324,TRNP1
ENST00000511824.2,0.382,23.938,0.099,C5orf42
ENST00000402631.1,27.227,72.778,0.789,MICALL1
ENST00000424969.2,29.425,98.231,0.049,IGHV3-74
ENST00000361328.3,0.239,2.233,0.161,ZSCAN20
ENST00000374426.2,25.699,362.811,0.667,CXCL12
ENST00000586934.1,3.057,16.545,0.031,SAFB
ENST00000546120.1,11.464,2.028,81.777,UBC
ENST00000434710.1,7.356,50.341,0.039,IGHV3-43
ENST00000581289.1,29.568,93.841,0.127,PROCA1
ENST00000344196.4,0.096,5.417,0.183,KIAA1731
ENST00000543473.1,19.537,191.366,2.084,SUDS3
ENST00000538751.1,0.191,0.051,4.097,INPPL1
ENST00000556691.1,5.923,869.78,3.836,NEMF
ENST00000584683.1,454.218,20.871,0.054,RP11-214O1.3
ENST00000610020.1,0.096,7.008,0.108,RPAP2
ENST00000264279.5,22.546,318.233,12.833,NOP58
ENST00000586417.1,4.872,0.244,0.119,ATG4D
ENST00000373316.4,0.955,0.59,9.956,PGK1
ENST00000437936.1,52.639,3.645,4.612,IGFL1
ENST00000534003.1,2.054,134.928,0.206,FNBP4
ENST00000339624.5,161.787,6.174,15.95,SERF2
ENST00000482047.1,44.423,500.024,0.155,CDK5RAP2
ENST00000389005.4,5.016,53.974,1.512,C17orf85
ENST00000486663.1,7.356,94.855,0.481,UBN2
ENST00000462001.1,0.048,5.417,0,IFRD2
ENST00000394534.2,1.003,26.095,0.189,AKAP9
ENST00000415603.1,20.062,224.238,0.809,DHX16
ENST00000260010.6,0.239,0.295,2.456,TLR2
ENST00000427159.2,6.162,17.264,3.241,FTSJ3
ENST00000401609.1,18.438,15.441,69.575,RPL3
ENST00000401406.3,82.78,5.083,8.948,UQCR10
ENST00000375638.3,20.731,0.963,1.897,C6orf48
ENST00000361999.3,6.449,21.038,1.688,ITSN2
ENST00000514429.1,0.287,3.799,0.073,C5orf42
ENST00000376809.5,45.379,42.922,127.978,HLA-A
ENST00000423485.1,7.786,75.075,10.571,TOP2A
ENST00000558353.1,2.102,11.963,1.372,EIF3J
ENST00000558084.1,0.096,0.86,0.267,KMT2C
ENST00000479870.1,1.099,7.226,3.529,FAM115A
ENST00000447701.2,32.673,493.427,0,CAMSAP2
ENST00000514314.1,6.257,0.218,0.028,MINA
ENST00000370574.3,10.7,33.925,0.599,ZNHIT6
ENST00000513610.1,0.812,0.565,3.52,MYO10
ENST00000299563.4,0.478,25.042,2.362,RNF169
ENST00000538972.1,12.181,183.113,0.209,PLEKHA5
ENST00000315183.7,2.293,31.832,1.321,TNRC6A
ENST00000286760.4,0.573,25.479,0.338,WHAMM
ENST00000534437.1,171.054,4.467,0.484,ANP32E
ENST00000371744.1,5.445,33.86,0,ZNFX1
ENST00000538744.1,5.684,0.064,0,DDX55
ENST00000295633.3,0.287,0.796,6.217,FSTL1
ENST00000436786.1,108.861,8.151,0.263,RP11-399D6.2
ENST00000380629.2,1.337,0.295,7.264,BNIP3L
ENST00000303538.8,0.382,0.295,2.885,PDS5A
ENST00000455385.2,4.108,1.194,22.152,SYPL1
ENST00000550550.1,77.908,5.994,0.819,MYL6B
ENST00000394284.3,4.108,16.301,0.049,PPP4R2
ENST00000498999.2,96.012,8.459,0.528,MTND4P12
ENST00000471696.1,0.382,0.398,3.386,SELT
ENST00000470674.1,24.313,0.244,0.303,DDX1
ENST00000588367.1,14.856,46.362,0.086,FAM32A
ENST00000539539.1,4.156,521.113,0,CCAR1
ENST00000359526.4,6.878,128.189,0.161,DNMT1
ENST00000577706.1,22.976,207.231,5.713,TOP2A
ENST00000409923.1,0.86,7.881,0.998,FAM126A
ENST00000341776.2,0.478,1.489,1.838,JARID2
ENST00000413907.1,0.43,1.45,4.903,AEBP1
ENST00000496857.1,0.812,28.931,1.483,EHBP1
ENST00000371817.3,0.43,0.898,2.261,COL5A1
ENST00000302386.5,11.99,0.513,1.425,GABARAP
ENST00000558830.1,11.178,40.201,0,MORF4L1
ENST00000420525.1,15.524,208.476,0.16,MLLT10
ENST00000216237.5,0.287,2.413,0.827,L3MBTL2
ENST00000542921.1,0.334,4.634,0.548,JMJD1C
ENST00000527703.1,6.592,99.848,0.886,AC138969.4
ENST00000553696.1,19.585,163.436,2.412,NEMF
ENST00000297689.3,0.478,0.411,6.379,NFIL3
ENST00000492342.1,1.433,28.148,0.403,ATF6B
ENST00000573618.1,49.152,325.678,1.479,RSL1D1
ENST00000277945.7,21.591,65.885,0.323,TCF7L2
ENST00000514237.1,1.481,267.841,1.399,DNAJC21
ENST00000435549.1,1.529,58.415,0.245,SDCCAG8
ENST00000564605.1,0.717,11.077,0.033,RBL2
ENST00000253814.4,0.287,1.322,3.686,NDFIP1
ENST00000252250.6,6.831,66.951,67.755,KRT6C
ENST00000372661.3,21.686,140.691,11.526,WBP5
ENST00000470935.1,9.41,181.906,0.328,TTF2
ENST00000591475.1,1.72,18.881,0.031,VPS4B
ENST00000367607.3,0.43,4.762,0.807,CEP350
ENST00000475208.1,18.056,0.655,0,TMEM54
ENST00000372656.3,7.356,541.034,2.215,WBP5
ENST00000505524.1,19.776,334.817,0.597,LMBRD2
ENST00000498157.1,0.096,0.334,1.199,CELSR2
ENST00000445933.2,6.544,59.121,1.248,EIF2B4
ENST00000480824.2,0.191,1.13,1.536,C6orf89
ENST00000246043.4,4.108,39.88,6.252,RRBP1
ENST00000545251.2,4.681,33.411,0,KIAA0040
ENST00000309822.2,2.532,17.033,2.797,UTP23
ENST00000366932.3,0.478,3.671,0.838,RRP15
ENST00000256084.7,5.828,17.829,6.826,SPINK5
ENST00000269122.3,0.955,0.205,4.458,CLTC
ENST00000476037.1,0.43,13.426,0.073,MTF2
ENST00000252445.3,35.634,0.757,5.144,ELOF1
ENST00000556314.1,99.212,1670.465,4.875,BAZ1A
ENST00000498452.1,2.341,85.228,0.07,HBEGF
ENST00000286800.3,0.143,0.218,2.435,BACH1
ENST00000446572.2,3.726,16.494,0.036,POLR3GL
ENST00000300278.4,1.815,46.285,0.617,SON
ENST00000485469.1,33.533,287.428,0.455,SETD8
ENST00000409174.1,0.287,0.693,3.797,HK2
ENST00000460813.1,6.544,33.989,0,KIAA1407
ENST00000254821.6,1.337,217.358,1.729,ZRANB2
ENST00000492940.1,47.051,153.155,0.083,7-Sep
ENST00000554510.1,6.257,58.8,0.031,TTLL5
ENST00000228140.2,238.024,26.429,10.59,RPS13
ENST00000357325.5,34.249,0.629,0.706,HDGF
ENST00000402163.2,2.866,25.877,0.132,BBX
ENST00000471752.1,3.105,300.597,0,USP48
ENST00000369561.4,1.911,0.013,0,HIPK1
ENST00000371646.5,987.92,2560.833,75.889,HSP90AB1
ENST00000438257.4,0.334,1.309,1.098,DIO2
ENST00000439448.2,28.947,2836.349,1.685,RP11-631M6.2
ENST00000384756.1,638.838,2056.278,5.05,SNHG1
ENST00000585515.1,12.037,0.27,0.387,BECN1
ENST00000513908.1,44.853,582.994,1.672,ANKRD17
ENST00000297598.4,0.239,0.039,2.657,PDP1
ENST00000529701.1,4.968,28.264,0,APLP2
ENST00000545063.1,6.544,33.989,0,KIAA1407
ENST00000316963.3,1.481,0.193,15.323,LYPLA1
ENST00000551956.1,47.146,0.475,0.331,KRT4
ENST00000546989.1,197.04,18.817,2.45,RPLP0
ENST00000381461.2,4.538,41.741,0,KIAA2026
ENST00000378954.4,0.908,0.295,6.702,ATL2
ENST00000284320.5,0.191,0.295,3.291,TOMM70A
ENST00000490628.1,1.003,224.79,0.68,GOLGA2
ENST00000454817.1,0.287,0.911,2.75,COL7A1
ENST00000251772.4,0.191,0.064,1.626,PLXNA1
ENST00000375960.2,4.442,61.354,0.365,ZCCHC6
ENST00000278505.4,0.382,0.026,3.448,ENDOD1
ENST00000464162.1,174.684,23.258,0.103,IGKV1-6
ENST00000524732.2,8.216,336.216,39.133,FABP5P7
ENST00000433523.1,1.72,79.003,1.063,CWF19L2
ENST00000052569.6,0.717,5.25,1.636,GOPC
ENST00000351986.6,16.05,26.672,31.46,NPM1
ENST00000425851.1,2.436,120.18,0.783,SECISBP2
ENST00000427426.1,65.584,2.259,0.238,RP5-857K21.7
ENST00000504564.1,24.743,351.863,0.192,WDR70
ENST00000360943.5,1.242,0.539,7.847,UBE2Z
ENST00000465404.2,1.576,21.461,0.643,AMD1
ENST00000338631.6,234.489,31.717,4.06,ACIN1
ENST00000531287.1,26.511,295.001,0,RNF214
ENST00000409871.1,0.048,0.821,0.259,ZC3H6
ENST00000543302.2,0.525,64.229,0.678,RNMT
ENST00000472883.1,5.923,60.366,0,CDK5RAP2
ENST00000378060.4,1.481,6.277,1.231,VPS36
ENST00000369626.3,0.478,23.566,11.601,SLC16A1
ENST00000431508.1,18.82,357.202,2.283,ANKHD1
ENST00000568808.1,0.334,12.617,1.09,CCPG1
ENST00000527062.1,1.529,18.085,0,RNPC3
ENST00000382679.2,11.607,85.267,0,DEFA1
ENST00000470718.1,501.46,1309.746,0.936,PSME1
ENST00000538296.1,8.55,77.129,0,C12orf43
ENST00000476412.1,7.977,23.412,0,RSBN1
ENST00000344357.5,2.341,1.54,17.29,OLA1
ENST00000378204.2,0.287,0.103,2.512,EXT1
ENST00000447597.1,0.478,46.85,0.825,ANKRD36B
ENST00000601319.1,20.97,0.231,0.579,HERC3
ENST00000298198.4,0.096,0.064,1.928,PGM2L1
ENST00000507699.1,1.003,0.321,8.894,PALLD
ENST00000481072.1,24.457,151.46,0.331,6-Sep
ENST00000536631.1,0.382,0.565,3.867,SMU1
ENSTR0000381261.3,90.089,256.314,0.165,AKAP17A
ENST00000564653.1,17.96,1.245,0,COG4
ENST00000481297.1,23.501,0.655,0.067,COX7A1
ENST00000552039.1,81.682,2.541,13.154,RNASEK
ENST00000509982.1,14.235,41.215,0.031,CDK11A
ENST00000463614.1,11.273,0.411,0.351,RAB25
ENST00000272638.9,16.145,248.395,6.751,UBXN4
ENST00000356926.4,59.566,275.247,1.352,AP3D1
ENST00000468074.1,690.379,1697.15,0.179,RP11-102M11.1
ENST00000378192.2,3.487,85.819,0.099,TLN1
ENST00000594797.1,69.597,6.354,3.632,PET100
ENST00000374518.5,4.347,25.094,0.617,BMS1
ENST00000223023.4,1.242,8.831,3.799,WASL
ENST00000412585.2,10.174,28.444,86.755,HLA-B
ENST00000265081.6,0.478,8.048,0.706,MSH3
ENST00000466133.1,0.669,7.047,0.051,BRD7P2
ENST00000472778.1,13.423,0.141,0.08,HNRNPK
ENST00000513163.1,0.048,1.219,1.395,FBXL5
ENST00000592262.1,4.012,52.254,0.271,GPATCH1
ENST00000495537.1,0.382,20.498,0.083,KCTD3
ENST00000238789.5,1.337,8.497,0.192,ATAD2B
ENST00000344762.5,0.717,30.626,0.235,CCDC15
ENST00000562324.1,17.483,141.474,3.163,FAM192A
ENST00000506120.1,2.293,35.555,0,FAM193A
ENST00000548071.1,1.099,5.904,30.601,LUM
ENST00000508737.1,12.802,369.46,0.258,FAM114A1
ENST00000520361.1,7.977,83.919,0.499,TBCA
ENST00000418572.2,0.669,13.657,0.486,STAT2
ENST00000393000.3,3.487,7.958,17.227,RNF7
ENST00000460675.1,1.099,6.777,16.918,COMMD6
ENST00000534762.1,8.12,136.545,2.14,BCLAF1
ENST00000361532.5,28.087,0.526,2.856,ENSA
ENST00000425032.3,15.572,721.464,0.742,USP8
ENST00000464410.1,0.764,103.301,0,SETD5
ENST00000471701.1,8.932,679.261,2.399,PRPF40A
ENST00000524758.1,8.837,127.689,3.64,SLC7A8
ENST00000378565.5,6.735,4.146,34.833,ITM2B
ENST00000580476.1,8.073,484.172,9.011,RN7SL471P
ENST00000480733.1,0.812,47.851,0.188,STAG1
ENST00000552909.1,0.191,63.6,0.042,LIMA1
ENST00000540338.1,3.057,272.834,0,CLIP1
ENST00000312561.4,0.334,1.746,1.456,KIAA1551
ENST00000374975.3,16.719,0.321,0.243,HLA-DRB5
ENST00000585298.1,0.525,18.74,0.096,CWC25
ENST00000513888.1,4.347,16.288,1.292,NSUN2
ENST00000496318.1,22.642,1.13,0.648,HLA-DQA1
ENST00000564286.1,14.235,378.15,0,CFDP1
ENST00000473620.1,63.387,0.796,1.804,PPDPF
ENST00000502584.1,0.86,4.441,0.312,11-Sep
ENST00000518040.1,0.764,6.456,0.029,SH2D4A
ENST00000297157.3,24.839,143.014,2.659,RP9
ENST00000421364.1,1.72,17.046,0.028,ARID4B
ENST00000456426.2,0.191,1.925,0.3,GPR116
ENST00000380026.3,0.908,24.272,0.843,CENPE
ENST00000274276.3,0.669,0.244,4.192,OSMR
ENST00000444811.2,26.511,1.232,2.265,NELFE
ENST00000480708.1,29.807,174.924,7.525,SEC62
ENST00000506644.3,183.33,605.61,0.636,ZMAT2
ENST00000548126.1,20.301,109.886,4.505,CCDC59
ENST00000514547.1,4.49,93.11,0.215,TRMT10A
ENST00000479035.2,16.957,1.9,0.63,RPL23
ENST00000359282.5,24.266,1.04,2.838,PCBP2
ENST00000438976.2,101.553,440.57,0,GPATCH4
ENST00000469858.1,8.311,69.312,3.257,SMC4
ENST00000460360.1,3.344,30.793,0.395,PPP4R2
ENST00000557381.1,2.341,20.511,0.033,CHD2
ENST00000361138.5,0.334,5.275,0.879,SMC5
ENST00000550917.1,15.381,79.414,0.225,RP11-278C7.1
ENST00000545606.1,0.239,1.078,0.411,CAND1
ENST00000218364.4,12.419,34.874,3.926,HTATSF1
ENST00000345084.5,35.252,244.672,1.566,MRPS5
ENST00000231238.5,4.204,15.339,3.404,TTC1
ENST00000326043.4,3.248,11.847,0.672,MAF
ENST00000535205.1,9.506,183.1,0.127,PPME1
ENST00000460080.1,1.672,21.679,0.029,DDX52
ENST00000560793.2,0.096,0.449,3.244,CERS2
ENST00000465203.1,32.673,1155.141,0.152,SLMAP
ENST00000561320.1,0.382,5.314,0.016,RP11-346D14.1
ENST00000341923.6,5.684,28.392,0,RABEP1
ENST00000318837.6,4.442,0.411,0,IGSF3
ENST00000390237.2,4045.352,11534.3,84.324,IGKC
ENST00000545353.1,3.583,39.149,0,AFAP1L2
ENST00000411695.1,1.099,35.657,1.977,ST13
ENST00000380332.3,117.507,0.732,2.654,CALML5
ENST00000446242.2,12.515,0.436,0,SYT1
ENST00000356454.3,1.576,0.937,6.919,SOWAHC
ENST00000393537.4,9.124,0.167,0.824,ANKRD39
ENST00000474991.1,147.887,6.302,5.474,S100A16
ENST00000437245.1,16.05,223.815,1.196,CEP350
ENST00000462328.1,155.434,1038.786,0.033,DDX27
ENST00000261254.3,0.143,1.155,0.509,CCND2
ENST00000540828.2,48605.324,6875.28,11.172,PTMS
ENST00000541463.2,3.63,32.538,0.065,KIF21A
ENST00000347486.4,1.099,6.277,0.447,SUPT6H
ENST00000589804.1,5.971,117.42,0.494,CD3EAP
ENST00000344035.6,6.926,0.565,0.272,PTP4A2
ENST00000368804.1,126.535,1.001,0.021,TCHH
ENST00000413307.2,3.344,41.035,0.069,CAMSAP2
ENST00000303459.6,0.239,2.477,0.17,METTL15
ENST00000159087.4,5.159,0.462,0.271,ANO8
ENST00000204961.4,2.293,0.629,11.409,EFNB1
ENST00000418823.4,3.2,304.011,0.312,MTIF2
ENST00000361226.3,0.191,2.349,0.385,RUSC2
ENST00000486857.1,4.251,27.725,0.127,TLK1
ENST00000587027.1,13.279,395.183,0.685,UBN1
ENST00000294905.4,2.532,115.7,2.217,BAZ2B
ENST00000394289.2,1.958,9.588,0.165,KIF20B
ENST00000283131.3,5.875,16.455,2.818,SMARCA5
ENST00000603059.2,50.347,324.112,0.129,NANOGNBP3
ENST00000580376.1,74.23,405.105,0.267,FTSJ3
ENST00000585908.2,1.385,88.784,0.543,ANKRD29
ENST00000220847.7,9.076,61.534,2.063,PHF20L1
ENST00000572759.1,4.012,187.669,0,MYBBP1A
ENST00000336083.3,1.911,0.603,16.838,RAB6A
ENST00000343898.5,1.146,8.972,0.036,IL18BP
ENST00000322266.5,13.805,1.913,0,MAPK3
ENST00000550595.1,623.982,3042.566,2.187,HSP90B1
ENST00000505831.1,4.633,99.001,0.202,SUDS3P1
ENST00000303210.4,14.521,1.014,0.16,GNB2
ENST00000573828.1,8.98,163.192,0.259,ZNF75A
ENST00000553345.1,6.449,175.386,0.135,ASXL1
ENST00000420712.1,1967.386,194.01,41.284,RPL37A
ENST00000318037.3,5.207,33.052,1.251,RNF168
ENST00000598711.1,1.146,17.687,0.77,GRWD1
ENST00000534336.1,4.586,13.272,24.582,MALAT1
ENST00000243924.3,34.822,57.414,398.398,PI3
ENST00000521320.1,7.356,107.242,2.781,SLU7
ENST00000357799.4,0.239,3.132,1.359,SGOL2
ENST00000553714.1,0.86,6.533,47.571,ERO1L
ENST00000342016.3,8.885,38.52,7.444,CIR1
ENST00000263339.3,0.478,0.128,6.886,IL1A
ENST00000040584.4,10.939,49.802,0.051,HOXC8
ENST00000366610.3,0.239,0.565,1.832,IRF2BP2
ENST00000368635.4,6.114,14.389,12.012,MARCKS
ENST00000369797.3,6.114,107.37,1.305,PDCD11
ENST00000216281.8,116.647,224.354,215.511,HSP90AA1
ENST00000393409.2,0.191,0.064,1.626,PLXNA1
ENST00000429587.2,6.496,96.626,0.25,C12orf65
ENST00000390290.2,85.408,7.92,0.85,IGLV1-51
ENST00000460191.1,0.621,16.096,0.011,DNTTIP2
ENST00000396098.1,2.006,52.023,0.026,LPIN1
ENST00000358779.5,34.631,95.985,0,CDK11A
ENST00000371497.5,67.638,8.78,0.135,TSHZ2
ENST00000505695.1,2817.068,363.466,0,MYO10
ENST00000554902.1,28.039,563.175,1.153,PNN
ENST00000373357.3,181.993,1601.243,0.651,PBDC1
ENST00000414273.1,1289.092,188.311,7.631,hsa-mir-6723
ENST00000590769.1,14.521,46.247,0,UBN1
ENST00000296861.2,1.051,0.693,6.596,TNFRSF21
ENST00000501122.2,2.054,2.824,12.986,NEAT1
ENST00000523948.1,2.388,35.144,0.475,TGS1
ENST00000354283.4,11.225,485.25,2.538,DDX46
ENST00000452324.3,322.476,9.293,0,MAP7D2
ENST00000359187.4,6.114,539.044,0,GOLGA8A
ENST00000370986.4,11.655,36.659,3.929,GADD45A
ENST00000509957.1,1.146,4.557,0.034,C5orf42
ENST00000395848.1,180.13,1036.001,1.897,NCOR1
ENST00000381070.3,5.207,22.449,2.584,CWC27
ENST00000420283.1,5.016,20.896,0.362,TSPYL4
ENST00000333007.1,3.869,9.37,4.413,TNFAIP2
ENST00000371085.3,23.358,0.809,2.295,GNAS
ENST00000558453.1,3.296,101.068,0,WDR61
ENST00000403607.2,0.191,3.478,3.668,TENM2
ENST00000531755.1,2.818,11.809,0,NFRKB
ENST00000447032.1,47.767,358.999,2.068,RBM17
ENST00000397519.2,28.469,423.19,1.227,PSIP1
ENST00000261590.8,0.334,0.347,4.637,DSG2
ENST00000559228.1,0.334,0.886,1.013,FAM63B
ENST00000493598.2,13.566,145.813,4.073,U2SURP
ENST00000534909.2,20.731,0.347,0,OTX2-AS1
ENST00000491768.1,2.627,0.064,0.018,NEU1
ENST00000577169.1,5.828,68.748,0.458,C17orf85
ENST00000392321.3,0.143,3.62,0.152,ZNF605
ENST00000583057.1,1.481,36.979,1.204,RBBP8
ENST00000286091.4,3.009,4.621,11.037,PDIA4
ENST00000249736.7,6.687,55.013,0.401,SLTM
ENST00000477977.1,4.92,147.52,0,NOLC1
ENST00000368799.1,0.143,40.24,0.086,FLG
ENST00000327155.5,2.102,12.194,1.538,RBBP8
ENST00000597130.1,5.732,0.051,0,NR1H2
ENST00000524989.1,5.875,359.487,0.892,C11orf57
ENST00000436021.2,2.627,200.813,0.109,TDG
ENST00000458458.1,1.433,38.584,0,BBX
ENST00000310823.3,0.287,0.039,2.918,ADAM17
ENST00000507642.1,35.921,0.911,0.881,RPL37
ENST00000257189.4,4.347,3.337,39.597,DSG3
ENST00000369287.3,0.143,1.284,0.913,C10orf118
ENST00000428005.1,1.29,13.683,0,SLC4A7
ENST00000242059.5,0.525,0.231,4.035,SCRN1
ENST00000263073.6,1.099,4.056,0.708,SMG6
ENST00000368235.3,0.478,2.452,16.387,APOA1BP
ENST00000581917.1,7.213,338.36,0.276,RP11-421E14.2
ENST00000217130.3,1.385,12.682,1.497,ZNF512B
ENST00000507939.1,17.387,0.244,0.095,ETF1
ENST00000498491.1,1.672,15.326,20.399,FLNA
ENST00000373132.3,6.496,0.385,0.754,STK40
ENST00000503373.1,253.453,1354.773,0.884,POLR3G
ENST00000375650.3,3.535,3.158,20.2,HSPA1B
ENST00000326407.6,5.254,0.436,0,ITM2C
ENST00000421249.2,61.62,184.846,0.191,KIAA1429
ENST00000430571.2,3.105,24.58,0.522,XRN2
ENST00000553277.1,0.573,17.867,0.016,LRP1
ENST00000352861.4,3410.336,33.129,35.106,SEC61G
ENST00000338205.5,1.911,5.969,1.872,KIAA0368
ENST00000424341.2,10.365,1.027,0,RPL7L1
ENST00000368209.5,1.099,4.39,20.88,HDGF
ENST00000368729.4,0.669,0.937,6.16,S100A7A
ENST00000369002.4,0.621,4.223,1.303,SEC63
ENST00000327492.3,0.621,17.777,1.187,TOB2
ENST00000240304.1,18.152,69.633,10.522,LUC7L3
ENST00000402849.1,47.337,2.092,1.566,SNRPD3
ENST00000420083.1,4.681,0.154,0.108,ILF3
ENST00000603548.1,1.72,87.744,0.188,FBXW7
ENST00000511553.1,17.435,102.531,0,DHX15
ENST00000323223.2,7.643,0.988,0,TMEM78
ENST00000560579.1,0.287,33.154,0.202,AKAP13
ENST00000369733.3,1.003,7.303,0,COL17A1
ENST00000491963.1,7.404,132.836,0.011,DDX52
ENST00000416195.1,1.29,2.67,5.609,SP3
ENST00000479067.1,58.992,266.198,0.142,MIER1
ENST00000316999.5,0.955,6.046,1.884,SMAP1
ENST00000373773.3,5.159,0.141,0,NDRG3
ENST00000322611.3,3.153,5.288,11.735,BASP1
ENST00000549763.1,1276.768,4697.244,0.566,BAZ2A
ENST00000566605.1,11.512,0.116,1.044,FUS
ENST00000411953.1,133.223,2.182,0,DYNC1I2
ENST00000335727.9,0.191,0.988,0.367,TNRC6B
ENST00000505213.1,0.478,4.095,0,N4BP2L2
ENST00000414242.2,26.463,405.708,2.254,MPHOSPH8
ENST00000471482.1,24.409,202.097,5.107,DYNC1I2
ENST00000508482.1,31.813,798.593,0.418,LUC7L3
ENST00000575870.1,330.453,3274.365,4.51,SRRM2
ENST00000590633.1,15.572,0.205,0,ASNA1
ENST00000368700.3,15.381,0.552,0,S100A14
ENST00000409112.1,4.442,84.343,0.786,SP100
ENST00000536974.1,1.624,9.665,0,PLEKHA5
ENST00000357604.5,77.86,305.565,1.877,UPF2
ENST00000498774.1,3.917,14.62,0.206,LRRFIP1P1
ENST00000299698.7,2.054,1.284,8.039,A2ML1
ENST00000307602.4,0.191,0.898,0.832,HOOK3
ENST00000359208.6,8.741,37.005,2.486,DNTTIP2
ENST00000484826.1,18.629,0.475,0,IAH1
ENST00000396070.2,645.573,49.969,9.078,RPL30
ENST00000482611.1,0.621,27.417,0.343,MGEA5
ENST00000377493.5,28.135,2.695,1.425,PARK7
ENST00000549370.1,152.712,3.145,15.299,RPL18
ENST00000322157.4,1.529,0.77,7.481,NPEPPS
ENST00000272274.4,14.712,310.583,68.629,RPL21
ENST00000301740.8,0.955,0.655,6.862,SRRM2
ENST00000216019.7,0.191,0.116,1.845,DDX17
ENST00000233615.2,20.349,1.168,1.807,WBP1
ENST00000299767.5,339.816,1950.5,39.219,HSP90B1
ENST00000449259.1,0.669,14.376,0,AC007386.2
ENST00000404479.1,4.204,0.064,0.077,AVL9
ENST00000304636.3,0.955,4.095,24.439,COL3A1
ENST00000479544.2,2.388,31.434,0.026,USP42
ENST00000361428.2,1.481,24.798,0.727,ZNF318
ENST00000379568.3,3.869,136.994,2.414,PAK1IP1
ENST00000461734.1,0.43,18.265,0.052,WDR52
ENST00000376511.2,0.239,0.744,1.603,PPP1R10
ENST00000311208.8,214.761,34.079,1296.803,KRT17
ENST00000295522.3,0.812,0.039,16.196,CLDN1
ENST00000222693.4,1.433,1.219,11.463,CAV2
ENST00000519843.1,17.865,958.538,0,CCDC25
ENST00000530781.1,7.356,200.069,0.223,DHDDS
ENST00000533482.1,1.29,35.17,1.752,RAD50
ENST00000523796.2,11.56,0.193,0,HOXA7
ENST00000544778.2,0.621,45.207,0.042,BPTF
ENST00000216484.2,0.096,0.103,2.045,SPTLC2
ENST00000565362.1,4.729,96.947,0,PDXDC1
ENST00000450791.2,0.191,0.321,1.318,GOLGA3
ENST00000389078.3,23.549,0.051,2.745,H2AFJ
ENST00000265000.4,0.334,0.064,4.13,GALNT7
ENST00000371730.2,1.576,0.103,0,EPS15
ENST00000466032.1,22.116,139.6,0.502,CHMP3
ENST00000408042.1,3.105,18.817,0.161,KIF16B
ENST00000488174.1,0.191,0.051,2.848,OGT
ENST00000544838.1,3.774,372.515,0,TCHP
ENST00000295749.6,3.774,100.31,0.967,CWC22
ENST00000558341.1,0.86,91.787,0,PSMA4
ENST00000606893.1,1.29,25.723,0.041,CDC40
ENST00000267163.4,0.191,0.128,3.058,RB1
ENST00000490032.1,165.513,1999.596,0.228,HMGN1
ENST00000586197.1,73.418,7.406,0.103,PPP1R12C
ENST00000349264.6,8.311,10.012,133.019,B2M
ENST00000519668.1,5.063,107.434,0,CSPP1
ENST00000368172.1,0.191,0.128,3.314,KIRREL
ENST00000558506.1,1.815,1.63,8.972,EIF5
ENST00000361851.1,2631713.883,133239.755,5102.511,MT-ATP8
ENST00000586988.1,0.669,78.528,0.049,DNMT1
ENST00000378282.5,29.042,0.821,0,EBPL
ENST00000468108.1,74.326,934.176,0,CCDC66
ENST00000559043.1,0.955,9.601,0.608,CDC42BPB
ENST00000539042.1,3.678,0.103,0,DDAH1
ENST00000295321.4,5.063,74.909,3.07,IWS1
ENST00000586901.1,4.681,132.194,0,GLYR1
ENST00000463639.1,171.006,1595.402,1.558,BRD2
ENST00000375793.2,2.818,13.388,1.716,PLEKHM2
ENST00000525914.1,17.865,75.576,0.219,LMO7
ENST00000283752.5,2.245,83.701,29.402,SERPINB3
ENST00000515641.1,0.478,11.064,0,ANKRD50
ENST00000460089.1,48.961,612.426,0.356,KIN
ENST00000303407.7,2.388,10.05,1.297,BRD3
ENST00000581110.1,19.489,0.359,0.251,FAM104A
ENST00000537016.1,2.532,25.081,0,TRMT10B
ENST00000264868.5,0.43,1.322,2.751,SEL1L3
ENST00000540935.1,1.146,14.645,0,DDX11
ENST00000262467.5,0.191,5.943,1.421,NLRP1
ENST00000550078.1,2.627,94.778,0.807,ZBED6
ENST00000320031.8,1.337,0.462,8.754,ITGA3
ENST00000558577.1,10.557,67.554,0.14,RP11-152F13.3
ENST00000476784.1,0.287,25.35,1.76,TTC3
ENST00000409181.1,12.945,0.783,0.206,SUMO1
ENST00000393203.2,1.194,0.732,8.109,PTGFRN
ENST00000222567.5,5.971,20.653,1.889,TWISTNB
ENST00000591115.1,5.111,0.154,0.223,PTPN2
ENST00000508917.2,0.143,34.528,0,BDP1
ENST00000434927.1,16.002,172.909,0.312,RBM39
ENST00000338983.3,0.382,0.77,3.49,MLTK
ENST00000231061.4,0.812,9.64,9.463,SPARC
ENST00000569950.1,2.341,43.32,0.052,VPS35
ENST00000373930.3,0.096,0.231,1.719,MEGF9
ENST00000567367.1,339.003,1036.514,0.793,KNOP1
ENST00000379412.5,2.341,5.506,58.793,LDHA
ENST00000374602.2,121.424,357.472,0,TCEA3
ENST00000358171.3,4.156,1.797,17.39,SERPINH1
ENST00000456466.1,7.452,65.269,0.114,RNF213
ENST00000510663.1,32.864,219.925,7.294,SRP72
ENST00000449142.2,10.127,135.416,0.099,SLC24A1
ENST00000371989.3,1.767,1.078,10.295,SURF4
ENST00000311852.6,1.958,6.443,12.162,MMP14
ENST00000341049.2,1.672,0.244,16.204,CAV1
ENST00000532545.1,55.076,542.549,0.005,EPS8L2
ENST00000552092.1,2.579,22.732,0,HRK
ENST00000478508.1,417.772,3300.755,9.884,NOP58
ENST00000439880.2,1.529,0.95,9.452,CDC25B
ENST00000431016.1,5.875,26.518,0.757,PCYT1A
ENST00000277900.8,0.525,1.463,4.748,ADD3
ENST00000326831.3,0.287,12.348,0.011,ATP10B
ENST00000590123.1,17.913,359.153,0.246,NARS
ENST00000545521.1,18.438,0.513,0.974,MAZ
ENST00000369219.1,6.401,25.594,1.117,NBPF14
ENST00000370025.4,5.159,787.182,3.565,PRPF38B
ENST00000565970.1,1.529,58.877,0,SCAPER
ENST00000382815.4,40.793,219.348,0.866,KDM5A
ENST00000525508.1,15.811,233.403,0.069,CHD7
ENST00000529162.1,4.824,21.628,0,DDX6
ENST00000490173.1,23.884,84.895,0,DAXX
ENST00000503316.1,4.108,2003.382,0.933,LARP7
ENST00000264144.4,2.15,0.988,33.411,LAMC2
ENST00000425080.1,6.544,0.09,0.023,LBR
ENST00000553565.1,21.304,493.581,0.067,SNW1
ENST00000462263.1,7.499,120.231,0.646,TWISTNB
ENST00000400824.4,29.377,1619.456,4.632,MLLT4
ENST00000309446.6,0.096,0.116,1.642,KLF7
ENST00000309900.7,1.433,0.064,0.01,HYDIN
ENST00000554357.1,0.334,21.692,1.929,TRIP11
ENST00000310144.6,0.191,0.372,9.488,PSMC5
ENST00000532057.1,0.287,15.351,0,FBXO3
ENST00000402703.2,9.744,0.141,1.01,PAX9
ENST00000264651.2,25.364,0.154,0.023,KRT24
ENST00000467334.1,6.019,60.828,2.9,MRPS33
ENST00000297785.3,6.974,0.539,0.206,ALDH1A1
ENST00000253122.5,1.481,0.141,8.328,SLC6A8
ENST00000497254.1,1.863,69.62,1.372,SUPV3L1
ENST00000592078.1,10.843,138.997,0.501,CXXC1
ENST00000357266.4,0.764,1.361,7.092,FKBP5
ENST00000561312.1,5.111,21.217,0.431,MESDC2
ENST00000425518.1,16.575,224.071,0,SMARCC1
ENST00000260818.6,0.096,0.116,1.611,DNAJC13
ENST00000264888.5,1.051,12.605,0.783,CXCL9
ENST00000551098.1,2.197,18.034,0.17,DDX23
ENST00000254801.4,32.959,88.514,0.349,IGJ
ENST00000347055.3,4.586,100.22,2.045,KRCC1
ENST00000368732.1,272.273,20.101,5.338,S100A8
ENST00000337554.3,54.025,0.873,9.465,TSPO
ENST00000596170.1,37.641,1.001,0,AC005523.2
ENST00000413293.1,1.337,155.17,1.05,LL22NC03-80A10.6
ENST00000395734.3,0.239,1.617,2.913,MAP4
ENST00000371335.4,0.382,0.744,6.506,LAMP2
ENST00000463649.1,2.675,95.253,0.008,NOC3L
ENST00000445716.1,9.983,134.877,4.228,FAM133B
ENST00000373220.3,5.875,83.637,0,CLSPN
ENST00000361671.5,1.099,13.862,1.316,NAA35
ENST00000229214.4,3.439,27.751,0.974,KRR1
ENST00000491306.1,122.905,16.224,2.246,RPL37A
ENST00000569438.1,89.277,4.313,9.665,RPL4
ENST00000253329.2,0.764,10.512,2.662,PPIL4
ENST00000566353.1,24.313,2.824,0,STX4
ENST00000474981.1,3.344,74.588,0,CABIN1
ENST00000568016.1,13.423,158.404,0.119,MPHOSPH6
ENST00000541775.1,0.287,6.341,0.373,C1RL-AS1
ENST00000398240.2,2.293,0.141,0.085,UHRF1
ENST00000432353.1,38.118,823.7,0.538,THOC2
ENST00000307630.3,4.777,3.504,17.039,YWHAG
ENST00000370995.2,0.096,2.298,7.702,SERBP1
ENST00000560217.1,8.98,66.822,0.822,PSMA4
ENST00000473761.1,1.003,5.352,0,NBPF9
ENST00000367576.5,2.15,37.21,2.213,LTV1
ENST00000558053.1,23.74,74.87,1.036,EIF3J
ENST00000508493.1,1541.112,55.758,119.355,RPL37
ENST00000528882.1,0.096,1.386,0.054,TNKS1BP1
ENST00000549044.1,7.643,47.787,1.187,BRF1
ENST00000275034.4,0.955,51.342,1.422,PHIP
ENST00000577185.1,2.627,26.98,1.478,TTC39C
ENST00000218758.5,2.102,6.88,3.616,ACP5
ENST00000347364.3,7.834,0.116,0.144,MKKS
ENST00000588282.1,1.958,1.348,11.652,SYNGR2
ENST00000455617.1,31.335,1.219,0,AC004019.10
ENST00000360467.5,0.621,2.939,5.552,COL4A2
ENST00000474331.1,7.07,47.081,0.491,CKAP2L
ENST00000344951.4,1.767,0.18,0,CUL3
ENST00000463074.1,2.962,80.775,2.569,EIF4E2
ENST00000383858.1,886.128,0.154,0,RNVU1-9
ENST00000359843.3,0.048,0.064,2.833,FOXM1
ENST00000495401.1,381.946,11.27,37.582,RPL24
ENST00000463114.1,12.467,1192.647,0.018,NAA16
ENST00000539319.1,2.818,55.142,2.016,UACA
ENST00000450814.2,0.86,1.284,8.207,TKT
ENST00000519559.1,6.162,57.208,0,PCMTD1
ENST00000437502.1,5.207,134.402,0,SETD8
ENST00000380171.3,17.913,0.847,0.179,ATRAID
ENST00000295317.3,1.051,1.9,7.344,RNF149
ENST00000555122.1,0.191,1.643,1.698,AHNAK2
ENST00000369466.4,0.096,0.59,0.504,TTF2
ENST00000280612.5,0.096,0.013,4.029,SLC7A11
ENST00000470472.1,34.87,147.07,9.717,SFPQ
ENST00000515010.1,4.872,86.114,0,FYB
ENST00000504233.1,2.723,0.218,0,PAPD4
ENST00000262213.2,1.529,1.515,6.372,TRAM1
ENST00000295326.4,31.526,0.68,2.363,BOLA3
ENST00000342745.4,0.191,0.026,3.906,KIAA0247
ENST00000396914.3,1.815,17.046,1.047,CHCHD4
ENST00000382070.3,1.672,14.016,0.013,CREBBP
ENST00000206765.6,6.831,1.014,42.799,TGM1
ENST00000523471.1,1.815,13.285,0.08,MTUS1
ENST00000264828.3,0.143,4.736,0.928,COL5A3
ENST00000392222.2,35.348,0.449,3.365,EEF1B2
ENST00000481507.1,6.257,26.146,1.295,ZCCHC7
ENST00000371284.5,7.07,36.094,0,TTC4
ENST00000565844.1,29.09,298.223,2.751,KNOP1
ENST00000478061.1,25.746,273.206,0.475,RBM28
ENST00000513458.4,1.863,8.754,0.744,SREK1IP1
ENST00000536313.1,0.717,22.18,0.049,MDM1
ENST00000469781.1,2.15,25.851,0.408,C1orf35
ENST00000463306.1,0.239,7.496,0.109,DZIP3
ENST00000373734.4,3.63,0.154,0,DSN1
ENST00000356341.3,0.191,0.334,6.576,PAK1
ENST00000591680.1,1.958,34.592,0.289,GPATCH8
ENST00000513008.1,7.977,72.213,1.642,FIP1L1
ENST00000367549.3,1.051,1.63,4.766,DHX9
ENST00000409849.1,11.798,43.936,0.497,ANKZF1
ENST00000439686.2,198.09,1143.101,5.222,ARL6IP4
ENST00000597813.1,5.637,182.471,0.075,HNRNPM
ENST00000560749.1,1.194,15.929,0.215,MYO1E
ENST00000394826.4,20.397,398.648,0.569,NSRP1
ENST00000593843.1,48.818,6.482,0,RP1-102K2.8
ENST00000367649.3,0.239,1.758,0.351,RASAL2
ENST00000371764.4,51.397,202.533,5.249,DDX27
ENST00000521288.1,6.783,0.603,0.008,NUDT16
ENST00000464253.1,0.334,262.925,0.057,DNAJC2
ENST00000040738.5,1.29,35.811,1.367,BOD1L1
ENST00000540698.2,5.923,0.026,0,DDX5
ENST00000480461.1,0.096,980.898,1.411,TRA2B
ENST00000356142.4,72.463,0.051,7.951,RAC1
ENST00000391839.2,0.525,4.736,2.168,COX20
ENST00000306378.6,1.29,8.908,0.855,BPTF
ENST00000377795.3,27.848,115.662,8.455,CD74
ENST00000225964.5,2.341,4.313,36.065,COL1A1
ENST00000438806.1,9.697,1707.457,3.461,PNISR
ENST00000380281.1,0.621,4.544,0.747,PRPF40B
ENST00000262225.3,4.681,6.02,16.258,TMED2
ENST00000528346.1,20.444,359.628,0,VIMP
ENST00000303305.6,24.6,165.502,8.555,PA2G4
ENST00000393976.2,343.446,14.979,36.433,KRT15
ENST00000409906.4,38.835,1.964,2.809,TCEB2
ENST00000487638.1,7.022,146.852,1.24,ZNF638
ENST00000542381.1,20.635,96.549,1.996,SRGAP1
ENST00000472258.1,0.764,165.952,0.453,NKTR
ENST00000543621.1,1.194,8.536,0.222,DNMBP
ENST00000498320.1,5.016,157.852,0.209,GCNT2
ENST00000367324.3,14.951,0.552,68.937,PKP1
ENST00000452345.1,2.293,67.721,1.166,SP100
ENST00000315273.4,0.812,15.903,0.418,ASAP2
ENST00000552147.1,27.8,83.624,0.736,NAP1L1
ENST00000567826.1,198.138,1283.728,0,BRD7
ENST00000268482.3,0.334,4.672,1.455,DHX38
ENST00000540870.1,3.105,17.059,0,SP110
ENST00000338435.4,1.242,0.103,7.163,GLS
ENST00000452476.1,62.957,776.952,1.319,LYAR
ENST00000586803.1,26.702,254.992,0.524,CALR
ENST00000595047.1,70.982,351.093,0,GTF2F1
ENST00000375294.4,11.99,104.713,0.104,UPF3AP2
ENST00000502802.1,35.825,484.532,0.502,HMGB1P3
ENST00000286713.2,0.334,0.462,8.463,STOM
ENST00000245185.5,17.005,28.765,69.846,MT2A
ENST00000296543.5,7.691,178.068,2.704,NAA15
ENST00000428876.1,1.911,32.898,0,MDN1
ENST00000555062.1,1.624,0.282,14.381,DYNC1H1
ENST00000480171.3,5.589,44.719,0.416,PKP4
ENST00000460820.2,11.321,0.193,0,ATP5C1
ENST00000306077.4,0.573,0.411,4.11,TMEM43
ENST00000297268.6,2.914,2.644,22.783,COL1A2
ENST00000193403.6,2.579,0.282,21.058,ACTN1
ENST00000367054.2,15.811,1.04,0,SOD2
ENST00000600880.1,385.338,9.678,55.022,RPL37A
ENST00000523908.1,1.576,13.811,0,CLINT1
ENST00000396731.4,0.812,8.433,0,STK4
ENST00000582970.1,0.096,0.552,0.052,RNF213
ENST00000481999.1,0.478,1.091,3.241,CHD3
ENST00000543776.1,9.506,137.367,0.277,SPTY2D1
ENST00000244230.2,13.47,93.328,3.105,MPHOSPH10
ENST00000361899.2,727378.485,67367.853,2324.301,MT-ATP6
ENST00000536366.1,17.196,162.691,0,ANAPC5
ENST00000320580.4,0.191,0.141,3.406,PACS1
ENST00000488010.1,0.287,2.618,0.662,TMF1
ENST00000280333.6,0.143,4.646,0.762,DOCK1
ENST00000259470.5,0.669,2.105,14.645,CTSV
ENST00000271277.6,3.917,15.672,1.548,CTTNBP2NL
ENST00000327158.4,0.573,3.273,0.907,TIMM22
ENST00000394196.4,0.43,0.257,2.753,CHD2
ENST00000421471.1,195.893,625.056,0.643,MCM3
ENST00000367142.4,26.415,73.818,15.985,NUCKS1
ENST00000317721.6,0.478,33.642,0,NCKAP5
ENST00000390321.2,794.559,2845.925,9.548,IGLC1
ENST00000374169.3,36.733,280.022,4.63,POLE3
ENST00000372950.4,1.863,28.071,1.708,DNAJC9
ENST00000509877.1,417.246,28.957,4.405,RPL37
ENST00000359626.5,4.729,36.171,1.161,TYW1
ENST00000331272.7,35.825,2.67,1.336,FBXW4
ENST00000524189.1,0.621,2.721,0.825,KIF13B
ENST00000579392.1,13.948,0.398,0,LLGL2
ENST00000326019.6,14.617,118.806,2.267,SLC4A1AP
ENST00000370466.3,0.621,10.859,2.285,GBP2
ENST00000361227.2,1837876.672,189095.463,2185.213,MT-ND3
ENST00000373275.4,0.573,4.467,0.708,BRWD3
ENST00000499732.1,2.77,4.069,46.702,NEAT1
ENST00000429893.1,0.621,6.174,0.013,RP5-1041C10.3
ENST00000450176.1,57.559,149.881,0.157,KIF16B
ENST00000461137.1,0.239,7.201,0.14,KIAA1009
ENST00000574723.1,172.583,21.718,0.347,RPS15A
ENST00000374212.4,0.239,0.436,1.675,SLC31A1
ENST00000536328.1,2.914,160.522,0.391,SLTM
ENST00000474056.1,26.988,429.839,0.6,UPF3A
ENST00000330386.6,0.525,6.636,0.347,EP400
ENST00000464888.1,16.384,309.454,0.427,HMGN2
ENST00000548273.1,1246.388,3525.211,0.161,NAP1L1
ENST00000399763.3,1.003,5.673,0.294,TMEM57
ENST00000424002.1,30.38,0.539,0,MTND4P24
ENST00000605687.1,52.448,303.293,0.199,ANKRD18B
ENST00000332160.4,0.86,5.378,0.212,METTL7A
ENST00000361624.2,197014.573,23313.939,2850.638,MT-CO1
ENST00000216277.8,0.955,0.655,8.144,PAPOLA
ENST00000602936.1,4.347,46.324,0.016,HDAC1P2
ENST00000262360.5,1.099,11.051,0.036,CNTLN
ENST00000360909.3,0.287,28.405,0.55,DAAM1
ENST00000436615.3,2.866,0.051,0.326,RAPGEFL1
ENST00000512607.2,17.817,102.954,0,CANX
ENST00000568717.1,40.889,387.109,0.219,PSMD7
ENST00000426572.1,12.228,86.91,0.01,ZKSCAN1
ENST00000452924.2,39.886,238.152,0.039,HMGB1P24
ENST00000256689.5,1.529,1.207,12.255,SLC38A2
ENST00000567921.1,10.174,797.002,0.06,UBE2Q2
ENST00000559952.1,10.557,67.554,0.14,RP13-996F3.3
ENST00000412543.1,98.878,988.766,0,UBAP2
ENST00000458083.1,77.813,425.128,0.318,GPANK1
ENST00000539624.1,11.369,0.09,0,MRPL50
ENST00000522162.1,5.541,53.345,0,MTSS1
ENST00000591037.1,0.525,12.181,0,PGM5P2
ENST00000233813.4,0.43,5.494,1.36,IGFBP5
ENST00000565404.1,72.319,1070.618,0.21,TCF25
ENST00000484471.2,14.33,261.846,0,RABL6
ENST00000549162.1,2.388,39.983,0.316,SCAF11
ENST00000457540.1,324.578,1107.495,99.711,MTND2P28
ENST00000583488.1,4.108,52.472,0,ZNF236
ENST00000476916.1,20.11,296.22,0.109,KPNA1
ENST00000251636.5,0.573,4.634,1.267,DHX29
ENST00000594458.1,1.099,47.813,0.53,KLK11
ENST00000491203.1,1.958,21.872,0,CNOT4
ENST00000533498.1,109.243,3.709,4.13,RPL38
ENST00000514927.2,9.553,183.37,2.215,DROSHA
ENST00000276201.2,23.406,87.025,2.177,UPF3B
ENST00000265734.4,0.191,0.167,3.441,CDK6
ENST00000312397.5,0.334,1.733,5.392,SART1
ENST00000399338.4,2.341,138.714,0.281,ITSN1
ENST00000245323.4,0.43,1.104,3.614,EFNB2
ENST00000588093.1,0.143,53.486,0.416,AP2B1
ENST00000295087.8,0.525,0.513,3.578,ARL5A
ENST00000535391.1,53.977,783.062,5.96,EIF3J
ENST00000263239.2,1.003,0.398,5.552,DDX18
ENST00000504984.1,2.341,22.745,0,RP11-420A23.1
ENST00000475218.2,12.085,50.688,0.765,UPF3A
ENST00000421306.3,58.419,7.689,0.206,PITPNM3
ENST00000496398.1,8.359,0.295,0.113,RPSAP58
ENST00000422165.1,9.315,105.573,0,TNNT2
ENST00000564383.1,3.2,499.19,0.39,HERC2
ENST00000319921.4,3.153,0.218,0.277,RNF213
ENST00000340342.6,1.863,19.87,13.167,CTSL
ENST00000413758.1,1.576,31.229,0,COL6A2
ENST00000399494.1,180.512,686.975,9.634,HMGB1
ENST00000371222.2,3.153,20.126,8.711,JUN
ENST00000308736.2,2.436,9.126,0,DHX37
ENST00000221169.5,0.478,36.877,0.972,NEFL
ENST00000343986.4,5860.504,443.445,346.439,RPS21
ENST00000420908.3,5.875,1979.611,0.17,UBE2Q2P2
ENST00000348165.5,0.955,4.287,2.853,UBE3C
ENST00000538548.1,3.248,132.63,0.103,SFSWAP
ENST00000459782.1,2.818,25.581,1.76,SEC63
ENST00000267812.3,11.798,35.195,3.485,MFAP1
ENST00000390314.2,42.513,277.788,0.277,IGLV2-11
ENST00000418882.2,2.388,30.677,0.026,RP11-1060J15.5
ENST00000389629.4,4.108,39.803,2.647,RTF1
ENST00000441556.1,3.869,14.838,0.031,CTTNBP2
ENST00000470470.1,58.992,284.193,0.566,CHD6
ENST00000507396.1,4.968,107.229,0.175,SDAD1
ENST00000512275.1,2.866,39.572,0,RFC1
ENST00000261303.8,1.767,1.604,25.778,PSMC1
ENST00000512575.1,33.676,263.04,1.293,11-Sep
ENST00000369389.1,8.598,33.36,0,TCF7L2
ENST00000332180.5,0.287,1.117,1.282,KIAA1033
ENST00000485292.1,0.334,52.395,0.582,SRSF10
ENST00000559220.1,71.842,107.1,348.744,B2M
ENST00000301634.7,1.481,0.449,10.649,TK1
ENST00000444518.2,3.105,17.123,0.344,HMGXB4
ENST00000439109.2,1.194,0.578,16.418,NQO1
ENST00000457354.2,0.764,1.438,9.704,TMX1
ENST00000374468.1,6.496,73.317,0.171,PNRC2
ENST00000488249.1,590.402,2063.35,0.078,RBM28
ENST00000269724.5,10.318,74.883,0.378,SAMD1
ENST00000540199.1,0.239,3.838,0,TOP2B
ENST00000460064.1,2.579,49.019,0.303,CCDC50
ENST00000282561.3,1.242,4.916,17.766,GJA1
ENST00000528095.1,3.535,56.823,2.045,RSF1
