	A.R1506023208	B.R1506023209	B.R1506023210	B.R1506023211	B.R1506023212	B.R1506023213	B.R1506023214
ENST00000356919.5,0.009,1.872,0.000,0.685,2.131,3.439,0.000,PKD1P5
ENST00000562465.1,0.289,1.280,1.663,1.649,2.636,2.149,3.484,CDAN1
ENST00000472988.1,0.717,0.126,0.000,0.000,0.000,0.000,0.000,SMARCD3
ENST00000546020.2,0.196,0.650,1.454,2.103,1.555,2.859,2.623,PFAS
ENST00000517426.1,4.786,2.124,0.000,0.000,0.000,0.000,0.000,CDK16
ENST00000582615.2,3.026,0.436,0.329,0.723,0.586,1.032,0.181,PIGS
ENST00000555982.1,1.834,0.204,0.000,0.936,0.000,0.000,0.584,PLEKHG3
ENST00000466780.1,0.633,0.543,0.000,0.000,0.000,0.000,0.212,PDZRN3
ENST00000476658.1,0.512,9.833,7.700,6.240,5.272,10.532,4.291,DFFA
ENST00000512853.1,0.512,0.223,0.000,0.000,0.242,0.000,0.000,SNX25
ENST00000486652.1,0.019,8.485,7.680,2.749,16.272,15.100,18.438,WDR26
ENST00000502323.1,3.929,2.250,0.717,0.000,0.768,1.311,0.000,GRSF1
ENST00000398042.2,0.577,4.655,5.219,3.289,8.595,6.900,7.403,TANGO2
ENST00000463651.1,2.439,0.475,0.737,0.637,0.000,0.000,0.000,IQCG
ENST00000429625.1,0.009,2.163,1.653,3.260,3.858,2.300,2.209,MAD1L1
ENST00000498429.1,2.253,0.776,0.000,0.000,0.000,0.000,0.000,TINAGL1
ENST00000263934.6,2.626,1.105,0.000,0.087,0.000,0.000,0.000,KIF1B
ENST00000556691.1,0.708,5.266,2.351,3.299,3.192,2.504,9.516,NEMF
ENST00000330722.6,1.452,23.671,25.788,28.269,35.331,33.273,92.910,KRT6A
ENST00000446867.1,5.223,1.105,1.225,0.174,0.000,2.278,1.062,TMEM191C
ENST00000342210.6,1.899,0.126,0.528,0.646,0.303,0.355,0.489,TLR5
ENST00000476918.1,27.662,3.384,8.736,1.495,5.929,2.461,9.750,HES1
ENST00000290418.4,1.667,0.330,0.558,0.781,0.253,0.484,0.000,CCDC142
ENST00000499879.2,1.434,0.068,0.000,0.000,0.465,0.000,0.000,STK4
ENST00000254043.3,3.715,0.495,0.807,0.675,0.697,0.537,1.296,KRT15
ENST00000220959.4,2.179,1.144,0.239,1.688,0.293,0.000,0.000,UBR5
ENST00000383094.3,1.192,1.144,0.369,0.000,0.000,0.000,0.000,MICAL3
ENST00000400345.3,1.946,0.475,1.175,0.154,0.000,0.000,0.000,NEDD4L
ENST00000340979.6,2.505,1.959,0.000,0.000,1.121,0.000,0.000,IFI16
ENST00000435359.1,0.540,6.012,0.259,4.755,4.040,1.977,2.443,CLUH
ENST00000443785.1,1.797,0.242,0.080,0.588,1.040,0.000,0.276,PAXBP1
ENST00000555855.1,1.648,0.592,0.339,0.000,0.000,0.236,0.149,FOXN3
ENST00000532497.1,0.531,0.359,0.000,0.000,0.000,0.000,0.000,POLD3
ENST00000472434.1,0.251,1.522,1.026,1.186,0.818,2.429,4.131,ADAM15
ENST00000394586.2,1.387,0.378,0.259,0.000,0.000,0.000,0.000,FUT8
ENST00000594523.1,1.024,20.781,25.470,18.663,16.302,0.000,12.575,CALM3
ENST00000583894.1,6.331,1.329,2.590,0.675,1.737,1.096,1.614,DDX5
ENST00000361548.4,3.119,0.679,0.936,0.000,0.404,0.000,1.551,GRHL3
ENST00000467254.1,1.927,0.310,0.299,0.569,0.525,0.000,0.000,IFT80
ENST00000520973.1,1.080,1.338,0.000,0.000,0.000,0.000,0.000,TACC1
ENST00000394938.4,0.419,12.994,12.491,7.359,10.050,8.899,18.735,RPL23A
ENST00000469097.1,0.419,1.998,3.446,3.318,5.747,4.611,6.776,HM13
ENST00000267584.4,0.577,0.116,0.129,0.145,0.121,0.236,0.085,AK7
ENST00000540716.1,1.676,0.524,0.000,1.707,0.000,0.462,0.000,TXNRD1
ENST00000584332.2,2.830,1.833,0.906,0.000,0.000,0.000,0.000,ALDH3A2
ENST00000309364.4,1.192,0.456,0.000,0.000,0.000,0.000,0.000,PLEKHA5
ENST00000312527.4,1.452,0.601,0.000,0.328,0.000,0.978,0.425,B3GAT1
ENST00000340901.4,0.596,0.136,0.100,0.203,0.000,0.236,0.000,RASSF10
ENST00000367309.1,4.721,0.126,1.843,0.878,1.535,2.096,0.000,PHLDA3
ENST00000410064.1,3.762,0.398,0.598,0.434,1.555,0.451,1.912,PTMA
ENST00000558084.1,0.084,0.747,0.807,0.665,0.778,0.000,0.605,KMT2C
ENST00000508244.1,0.065,1.135,1.165,1.312,2.666,0.430,1.221,C5orf42
ENST00000353267.3,0.223,2.415,0.508,3.462,2.040,1.623,3.611,CREB1
ENST00000487831.2,0.186,0.689,1.773,2.652,3.262,8.103,6.564,MDN1
ENST00000472575.1,2.681,0.465,0.667,1.842,0.455,0.000,0.000,AIFM3
ENST00000453292.1,4.106,0.727,0.847,1.360,1.939,0.591,0.181,GNAS
ENST00000310226.6,0.885,0.126,0.110,0.135,0.253,0.408,0.350,FADS6
ENST00000338938.2,0.568,0.339,0.000,0.000,0.000,0.000,0.000,CSPG4P9
ENST00000356259.4,0.009,0.669,0.000,0.000,0.000,1.408,0.361,GIT2
ENST00000527523.1,0.624,0.465,0.020,0.376,0.000,0.054,0.000,SYTL2
ENST00000573283.1,0.298,4.761,1.853,1.263,0.960,3.890,1.975,ACTG1
ENST00000358913.5,0.056,1.455,1.325,0.839,0.667,1.032,1.083,MYPN
ENST00000544448.1,1.732,0.175,0.588,0.000,0.071,0.602,0.266,MAN1B1
ENST00000361704.2,0.130,1.736,4.572,0.000,5.323,4.901,3.781,BRE
ENST00000417431.1,7.104,1.552,0.000,0.000,6.070,0.000,0.000,CAPZA2
ENST00000413196.2,1.965,0.349,0.369,0.665,0.545,0.301,0.361,DHX58
ENST00000591572.1,1.480,0.650,0.000,0.174,0.000,0.000,0.000,PPAP2C
ENST00000436146.1,5.363,0.456,0.000,1.640,4.222,2.450,0.000,RPL15
ENST00000591760.1,7.030,1.959,2.231,3.684,0.000,1.376,0.276,PTPRS
ENST00000554982.1,1.182,0.543,0.000,0.338,0.242,0.000,0.000,AP1G2
ENST00000342811.3,0.605,0.107,0.020,0.000,0.000,0.559,0.000,RPGR
ENST00000440021.1,1.806,0.960,0.000,0.241,0.000,0.742,0.000,FBXO34
ENST00000496857.1,0.344,2.318,2.012,3.241,3.444,2.139,2.889,EHBP1
ENST00000559036.1,4.162,0.689,2.012,2.768,0.000,0.709,0.584,MEF2A
ENST00000576768.1,1.006,0.291,0.379,0.540,0.010,0.000,0.000,TBC1D16
ENST00000551220.1,4.599,1.367,2.072,1.881,0.172,0.484,0.520,B4GALNT1
ENST00000585169.1,5.382,0.756,0.767,0.907,0.000,0.720,1.997,FLOT2
ENST00000492691.1,0.689,3.549,5.439,4.080,6.596,7.211,13.871,PRRC2A
ENST00000368802.3,2.486,1.619,0.199,0.000,0.010,0.269,0.000,REV3L
ENST00000374152.2,1.015,0.378,0.000,0.231,0.000,0.000,0.000,ARID1A
ENST00000580095.1,2.030,1.464,0.458,0.000,0.000,0.000,0.000,TOP3A
ENST00000558472.1,7.151,2.444,1.554,0.916,0.000,0.000,0.000,DUT
ENST00000369125.2,1.173,0.417,0.299,0.299,0.000,0.000,0.000,HACE1
ENST00000424201.2,1.033,0.252,0.538,0.463,0.000,0.000,0.212,CACNA2D2
ENST00000560451.1,0.447,0.184,0.379,0.000,0.000,0.000,0.000,MAN2A2
ENST00000488347.1,0.708,0.126,0.000,0.000,0.394,0.054,0.000,ZMAT1
ENST00000520077.1,1.592,0.291,0.000,0.530,0.000,0.000,0.223,BNIP3L
ENST00000425134.1,2.942,0.427,0.588,1.678,0.364,0.419,0.935,TXNIP
ENST00000248139.3,5.633,3.733,0.767,2.209,0.000,2.085,0.000,RAB40C
ENST00000586113.1,8.836,0.562,2.261,0.231,0.727,0.000,0.000,FOSB
ENST00000536011.1,1.406,0.330,0.000,1.080,0.000,0.000,0.000,RTN3
ENST00000585528.1,1.890,0.921,0.319,0.000,0.434,0.000,0.000,PIK3C3
ENST00000512512.1,1.043,3.375,2.709,2.324,13.322,7.759,14.136,IGFBP7
ENST00000425676.1,0.810,6.303,5.618,7.253,5.101,8.899,9.867,FANCG
ENST00000509053.1,0.847,0.126,0.129,0.000,0.343,0.236,0.042,SSBP2
ENST00000415220.2,0.568,0.145,0.000,0.270,0.404,0.000,0.053,PRKD1
ENST00000315843.3,0.037,0.611,1.036,0.714,0.232,0.000,0.404,GPR156
ENST00000579758.1,0.121,1.319,2.440,0.000,5.909,8.243,12.203,FASN
ENST00000379102.3,3.398,0.048,0.000,1.061,0.000,0.333,0.658,LYRM9
ENST00000592882.1,1.816,0.184,0.129,0.453,0.606,0.000,0.297,CTC-250I14.6
ENST00000437266.1,1.099,1.251,0.259,0.000,0.000,0.000,0.000,SLC4A7
ENST00000523036.1,0.298,7.234,3.058,1.321,2.909,6.588,7.817,DERL1
ENST00000321464.5,0.829,0.427,0.329,0.048,0.020,0.000,0.000,ZBTB38
ENST00000405914.1,1.415,0.504,0.279,0.704,0.152,0.118,0.085,KIF3C
ENST00000537134.1,3.873,1.202,1.663,0.530,1.000,0.301,1.094,C4A
ENST00000475208.1,3.724,0.912,0.209,0.347,0.000,0.247,0.000,TMEM54
ENST00000498711.1,1.769,0.407,1.942,1.861,4.121,21.129,48.345,CLTC
ENST00000580513.1,1.192,0.301,0.229,0.222,0.081,0.548,0.138,AXIN2
ENST00000429448.1,3.147,1.823,0.608,0.444,0.980,0.301,0.499,TTYH3
ENST00000291839.5,2.505,8.582,11.584,11.352,16.767,16.422,21.900,ST6GALNAC6
ENST00000370870.1,5.847,3.607,3.168,0.000,0.253,0.000,0.000,CRYZ
ENST00000492275.1,5.056,2.153,1.325,1.370,0.253,1.021,0.000,TTC3
ENST00000420430.1,0.493,13.324,13.686,14.554,5.020,0.795,7.679,YWHAH
ENST00000525698.1,1.480,0.543,0.000,0.000,0.242,0.000,0.212,PHLDB1
ENST00000479322.1,2.654,10.396,20.439,22.453,20.282,12.434,16.133,TGFB2
ENST00000392770.2,0.521,0.145,0.080,0.000,0.000,0.118,0.276,SCN3B
ENST00000586346.1,1.397,0.495,0.289,0.444,0.040,0.150,0.000,ACBD4
ENST00000439962.1,0.428,1.096,3.257,2.662,4.202,4.847,6.202,EDEM3
ENST00000367177.3,3.501,2.046,0.578,1.119,0.556,0.430,0.212,LRRN2
ENST00000527730.1,2.207,0.155,0.478,0.665,0.141,1.032,0.149,LRRC14
ENST00000379070.3,0.140,0.650,1.952,1.051,1.808,2.149,1.890,CDS2
ENST00000378105.3,0.698,0.019,0.558,0.260,0.141,0.000,0.000,PCDHGA1
ENST00000411976.2,2.691,0.475,0.000,0.540,0.828,0.000,0.000,PRRT3
ENST00000423481.2,0.047,2.841,1.255,0.829,2.040,1.096,0.000,NARS
ENST00000543024.1,0.037,0.689,0.000,0.444,1.707,0.398,7.169,SNX17
ENST00000530866.1,1.546,0.320,0.976,0.000,0.000,0.000,0.244,LTBP3
ENST00000412277.2,1.257,0.281,0.000,0.000,0.465,0.000,0.000,INPP5J
ENST00000467996.1,2.765,1.367,0.926,0.000,1.475,0.064,0.000,RNF13
ENST00000391815.3,3.166,1.115,1.126,0.000,0.000,1.483,0.669,JOSD2
ENST00000449797.1,2.411,0.359,0.916,0.000,0.000,0.000,0.000,SPIRE1
ENST00000597240.1,3.557,1.105,0.349,1.427,0.000,0.000,1.986,ZNF544
ENST00000571750.1,1.369,1.561,0.169,0.000,0.000,0.000,0.234,RFWD3
ENST00000541605.1,0.382,0.078,0.000,0.000,0.000,0.183,0.106,PLB1
ENST00000545065.1,0.903,0.349,0.000,0.000,0.182,0.000,0.085,KNTC1
ENST00000417247.2,5.167,0.010,2.062,0.000,1.515,2.268,0.000,ARHGAP22
ENST00000564558.1,1.229,0.010,0.000,0.222,0.889,0.000,0.542,ZFP90
ENST00000361510.2,0.335,2.589,2.231,1.398,3.151,3.074,3.409,OPA1
ENST00000472010.1,1.620,0.446,0.000,1.177,0.111,0.140,0.000,TMEM8B
ENST00000466499.2,0.978,24.932,21.077,16.406,17.777,20.011,22.590,EIF2S1
ENST00000519053.1,1.527,0.010,0.000,0.502,0.000,0.333,0.000,INTS8
ENST00000369092.4,0.019,3.384,0.000,3.723,0.000,0.000,0.000,TIAL1
ENST00000420282.1,3.613,1.794,0.797,0.955,0.313,0.000,0.297,PPP1CB
ENST00000349124.1,2.151,0.805,0.000,0.733,0.000,0.000,1.073,PTP4A3
ENST00000573634.1,0.400,0.107,0.159,0.000,0.000,0.000,0.000,WSCD1
ENST00000598871.1,1.303,0.436,14.792,13.753,8.060,24.547,5.289,CALM3
ENST00000259199.4,0.335,6.536,3.865,4.080,2.434,3.557,4.418,CBWD2
ENST00000422375.1,2.374,1.105,0.000,0.000,0.000,0.000,0.000,FCHSD2
ENST00000452660.1,1.127,0.223,0.000,0.000,0.000,0.000,0.000,LRCH3
ENST00000379632.2,4.404,1.872,0.000,4.128,0.000,0.000,0.000,BRE
ENST00000354393.2,0.084,0.475,0.747,1.090,1.091,0.570,2.209,MYPN
ENST00000474486.1,0.196,0.902,1.833,1.206,1.959,1.795,5.374,TOMM40L
ENST00000588041.1,0.847,0.126,0.259,0.212,0.121,0.473,0.170,RP1-193H18.2
ENST00000525322.1,1.434,0.301,0.618,0.521,0.444,0.129,0.074,NAV2
ENST00000495174.1,2.588,0.204,0.000,0.000,0.000,1.075,0.000,SH3BP1
ENST00000382396.4,0.037,0.834,0.657,0.926,0.253,1.096,1.115,PLA2G4F
ENST00000554510.1,0.047,0.921,1.036,0.521,1.010,1.150,1.243,TTLL5
ENST00000537206.1,1.173,0.349,0.169,0.000,0.737,0.000,0.191,ARHGAP4
ENST00000417294.1,0.084,1.154,1.155,0.984,1.000,1.451,1.774,MAP4K4
ENST00000454824.1,1.471,33.659,15.818,10.966,8.363,6.223,20.360,NCL
ENST00000504123.1,2.700,0.756,1.494,0.000,0.626,0.000,0.000,CNOT6L
ENST00000546543.1,1.918,0.427,0.000,0.000,0.000,0.000,0.839,PMEL
ENST00000546258.1,1.639,0.068,0.369,0.714,0.626,0.043,0.000,TMEM130
ENST00000438257.4,1.192,6.681,7.461,7.658,7.222,5.040,8.305,DIO2
ENST00000445265.2,0.233,5.343,2.002,4.813,7.434,0.871,8.390,TCOF1
ENST00000350259.4,5.205,2.318,1.155,2.421,1.434,0.140,0.648,ALDH6A1
ENST00000435716.1,4.162,0.999,0.867,0.000,0.000,0.000,0.000,TRIP12
ENST00000556394.1,0.419,4.664,4.861,5.903,4.586,3.944,5.820,POMT2
ENST00000466465.1,0.391,0.504,3.506,2.874,8.343,15.949,23.557,EPAS1
ENST00000409657.1,0.149,0.262,1.893,0.665,3.172,2.934,2.506,CCDC14
ENST00000367123.3,2.430,1.319,0.000,0.000,1.303,0.000,0.000,SRGAP2C
ENST00000356864.3,3.361,0.291,0.657,0.203,1.232,0.731,0.701,TNFRSF10C
ENST00000460469.1,0.493,0.204,0.179,0.000,0.000,0.000,0.000,NMD3
ENST00000448451.1,0.438,1.978,3.337,3.434,4.990,14.337,17.588,DIAPH1
ENST00000607647.1,0.140,0.155,0.418,0.473,1.263,4.825,4.949,NUP205
ENST00000524618.1,2.104,0.776,0.000,0.000,0.000,0.000,0.000,MTFR1L
ENST00000536073.1,0.531,6.429,1.853,4.398,6.484,5.191,13.616,ARL6IP4
ENST00000367122.2,1.881,1.261,0.618,0.000,0.000,0.999,0.000,SYNJ2
ENST00000378053.3,0.885,0.184,0.379,0.289,0.283,0.064,0.000,FLRT3
ENST00000422491.2,0.670,0.262,0.000,0.000,0.000,0.000,0.807,USP54
ENST00000381461.2,0.009,1.115,0.269,0.135,0.121,0.258,0.658,KIAA2026
ENST00000411426.1,0.475,3.278,4.094,3.270,4.747,3.944,3.547,FAM111B
ENST00000439065.2,0.866,3.026,7.092,6.317,9.464,16.024,19.011,MYO1B
ENST00000604104.1,0.912,0.310,0.219,0.125,0.000,0.247,0.191,RP11-435O5.5
ENST00000474049.1,2.588,1.125,0.000,0.000,0.000,0.000,0.000,CYTH2
ENST00000520313.1,1.397,1.358,0.000,0.000,0.071,0.000,0.478,FAM114A2
ENST00000392981.2,1.033,1.028,0.070,0.357,0.081,0.000,0.000,XRN1
ENST00000378566.1,0.009,0.533,0.359,0.029,1.151,0.623,0.680,FAM214B
ENST00000359478.2,0.112,0.281,0.618,1.505,2.081,1.709,1.391,MFAP5
ENST00000296869.4,0.568,0.029,0.139,0.010,0.000,0.000,0.000,ACSL6
ENST00000463577.1,0.009,0.010,0.926,0.000,2.121,1.322,3.112,TOR2A
ENST00000375960.2,0.074,0.979,0.667,0.106,0.434,1.021,0.627,ZCCHC6
ENST00000415987.2,2.039,0.194,0.408,0.463,0.828,0.150,0.202,CRYM
ENST00000282924.5,0.456,0.223,0.169,0.000,0.000,0.000,0.000,JAKMIP1
ENST00000262189.6,0.084,0.747,0.807,0.665,0.778,0.000,0.605,KMT2C
ENST00000533926.1,4.348,2.046,0.000,0.000,0.000,0.000,0.074,NUCB2
ENST00000470019.1,0.037,0.999,0.777,1.736,0.202,0.484,1.572,PTK7
ENST00000406272.2,1.862,0.446,0.000,0.000,0.283,0.000,0.000,NR2C2
ENST00000433714.1,1.192,0.718,0.000,0.000,0.000,0.000,0.000,BBS9
ENST00000360985.3,0.019,1.561,1.753,1.929,1.273,1.806,1.806,RYR1
ENST00000578000.1,2.039,0.378,0.000,0.000,0.283,0.742,0.924,CRHR1-IT1
ENST00000396596.1,0.270,1.765,0.807,3.540,0.465,2.053,1.455,SGK3
ENST00000561086.1,0.168,0.078,0.209,0.203,0.606,8.759,27.221,IQGAP1
ENST00000398204.4,2.384,0.446,0.000,0.839,0.515,1.053,0.000,ADAM22
ENST00000274498.4,0.400,0.107,0.000,0.174,0.000,0.086,0.074,ARHGAP26
ENST00000495476.1,2.300,0.698,0.000,0.000,0.000,0.000,0.000,OPA1
ENST00000221891.4,4.804,1.697,1.036,1.669,0.000,2.386,0.786,APLP1
ENST00000417488.1,0.680,0.107,0.159,0.000,0.000,0.000,0.117,RP11-195B21.3
ENST00000557235.1,2.458,2.085,0.000,0.993,0.000,0.000,0.000,STAT2
ENST00000470694.1,1.378,0.436,0.000,0.598,0.000,0.000,0.340,F11R
ENST00000529480.1,0.130,0.543,0.857,0.723,1.040,1.913,3.993,ZDHHC5
ENST00000397396.1,0.577,0.388,0.000,0.000,0.000,0.000,0.000,TSPAN4
ENST00000358729.4,0.885,0.165,0.000,0.000,0.000,0.000,0.000,AMPD2
ENST00000330317.2,1.089,8.892,6.066,7.021,6.434,6.943,5.884,WDR4
ENST00000439918.2,26.051,17.484,7.510,5.150,7.050,0.000,0.319,P4HB
ENST00000464948.1,1.760,0.116,0.179,0.154,0.111,0.720,0.000,SAMD11
ENST00000542650.1,0.093,6.837,2.052,0.000,0.000,0.000,1.115,AAGAB
ENST00000545493.1,5.223,2.192,0.000,0.000,0.000,0.000,0.000,SCARB1
ENST00000263979.3,2.309,0.970,1.175,0.897,0.242,0.258,0.000,MAN1C1
ENST00000409807.1,0.270,2.599,1.883,3.366,1.535,1.333,2.294,FHL2
ENST00000594908.1,4.423,0.601,1.195,2.459,1.475,0.312,0.361,PLD3
ENST00000434835.2,1.276,0.427,0.598,0.154,0.646,0.000,0.000,MSL2
ENST00000550557.1,21.480,1.290,6.484,0.550,4.555,0.398,3.452,NR4A1
ENST00000602986.1,0.447,0.010,0.000,0.000,0.283,0.011,0.011,AASDH
ENST00000261673.6,1.769,0.873,0.000,0.714,0.000,0.000,0.000,FBRSL1
ENST00000489540.1,0.298,0.815,1.066,1.804,2.202,3.686,6.680,MDC1
ENST00000422281.2,0.773,0.145,0.129,0.212,0.091,0.000,0.000,CACNA1D
ENST00000456626.1,4.041,2.958,1.086,1.447,0.000,0.290,0.000,JOSD1
ENST00000288050.4,0.810,0.242,0.149,0.270,0.000,0.000,0.159,PDPR
ENST00000570059.1,3.128,0.892,0.000,0.000,0.758,0.881,0.000,PIGB
ENST00000494857.1,1.201,0.504,0.000,0.685,0.000,0.000,0.000,SLC7A2
ENST00000353468.4,0.782,7.321,2.918,2.971,5.474,11.757,11.555,SIGMAR1
ENST00000406087.1,13.184,7.031,0.000,3.183,0.000,1.827,0.754,LBH
ENST00000420643.1,0.559,10.512,6.853,8.690,5.353,2.440,5.066,MAPKAP1
ENST00000405379.2,0.149,0.708,0.000,0.820,2.060,0.849,2.825,GRHL1
ENST00000536901.1,1.061,0.679,0.080,0.231,0.000,0.000,0.000,TMEM129
ENST00000557135.1,0.019,5.547,0.000,1.080,0.000,1.569,1.073,WARS
ENST00000303115.3,1.452,7.254,10.738,14.863,14.858,7.502,11.693,IL7R
ENST00000480897.1,2.188,0.155,0.986,0.685,0.848,0.365,0.350,SNAP47
ENST00000528392.1,3.240,1.532,0.687,0.280,0.465,0.000,1.285,ZNF252P
ENST00000443841.2,11.266,0.524,2.709,0.936,0.000,0.000,1.699,FOSB
ENST00000374155.3,0.335,0.097,0.030,0.000,0.111,0.140,0.000,RUFY4
ENST00000348259.5,0.996,9.242,6.385,3.434,7.898,8.351,7.806,MRPL55
ENST00000345615.4,2.458,0.650,0.299,0.907,0.000,0.301,0.000,SYNRG
ENST00000579157.1,1.043,0.601,0.090,0.000,0.000,0.000,0.000,KLHL28
ENST00000445745.1,1.164,0.601,0.209,0.222,0.141,0.548,0.000,AC016683.6
ENST00000483421.3,0.335,0.601,0.279,1.987,2.273,5.051,5.523,ZNF638
ENST00000356713.4,0.354,0.184,0.149,0.000,0.091,0.000,0.000,CNNM1
ENST00000330439.6,5.549,0.747,1.235,0.801,0.646,2.257,1.880,MT1E
ENST00000563520.1,1.452,1.455,0.000,0.000,0.000,0.000,0.000,PRMT7
ENST00000436244.1,0.205,1.707,6.056,4.263,20.251,4.503,37.364,ADIPOR1
ENST00000568004.1,0.549,0.048,0.000,0.125,0.000,0.183,0.138,PHLPP2
ENST00000570016.1,1.518,0.465,0.060,0.347,0.000,0.516,0.966,CDIPT
ENST00000396023.2,2.039,0.194,0.408,0.463,0.828,0.150,0.202,CRYM
ENST00000523739.1,1.471,0.368,0.000,0.000,0.000,0.183,0.000,FZD6
ENST00000490115.1,0.838,0.194,0.000,0.029,0.162,0.000,0.266,PFKFB4
ENST00000503081.1,6.322,4.218,1.454,2.093,0.000,0.000,0.000,GNB2L1
ENST00000538786.1,0.140,4.257,1.235,1.437,1.818,0.613,1.614,ATL3
ENST00000391791.4,0.466,1.241,2.988,0.839,1.283,5.513,10.079,PPP2R1A
ENST00000344181.3,0.372,0.184,0.070,0.000,0.000,0.150,0.000,KIAA0430
ENST00000526601.1,0.763,0.184,0.289,0.010,0.313,0.000,0.000,ZNF195
ENST00000457016.1,1.536,0.611,0.000,0.868,0.000,0.849,0.000,APC
ENST00000395386.2,2.365,1.784,0.468,0.829,0.000,0.215,0.000,PHF20L1
ENST00000539599.1,1.536,0.572,0.926,0.000,0.192,0.118,0.000,UBE3B
ENST00000233156.3,2.318,0.087,1.155,0.000,1.273,0.000,0.244,TFPI
ENST00000405925.1,1.685,0.902,0.697,0.000,0.000,0.000,0.000,LIG4
ENST00000457606.1,0.009,1.649,1.215,1.620,4.040,0.978,0.786,SRI
ENST00000454808.2,0.270,10.066,5.140,9.635,4.878,3.224,2.910,PGAM5
ENST00000531653.1,23.454,16.359,0.996,5.787,1.606,6.728,2.135,PSMC3
ENST00000299824.1,0.596,0.184,0.169,0.000,0.000,0.000,0.000,PPP1R16B
ENST00000262879.6,5.177,3.113,0.000,0.000,0.000,0.000,0.000,RALGAPB
ENST00000414351.1,1.555,0.330,0.000,0.000,0.626,0.000,0.000,ZNF205
ENST00000412274.2,14.785,6.274,6.215,2.729,0.000,1.612,0.276,DDR1
ENST00000356143.1,0.019,0.058,0.448,1.254,3.646,0.000,0.000,RNF14
ENST00000428043.1,1.359,0.398,0.727,0.000,0.828,0.000,0.000,ACE
ENST00000361059.2,0.447,2.133,2.152,6.568,3.050,13.907,5.194,MATR3
ENST00000346736.2,0.354,0.068,0.000,0.280,0.000,0.000,0.000,C19orf57
ENST00000409298.1,0.819,0.194,0.179,0.000,0.000,0.000,0.000,GTDC1
ENST00000334348.3,31.591,12.005,3.685,6.018,3.232,2.418,0.000,UPK3B
ENST00000523853.1,5.167,0.640,0.000,0.000,0.000,3.299,0.372,MCM4
ENST00000489376.1,0.475,0.155,0.000,0.000,0.000,0.236,0.000,ZNF776
ENST00000323938.6,1.946,1.018,0.478,0.569,0.333,0.000,0.000,LGALS8
ENST00000402458.1,1.425,12.432,12.560,17.235,6.232,18.625,12.543,NHP2L1
ENST00000370371.4,0.540,3.287,1.912,6.800,4.474,3.407,3.792,DIDO1
ENST00000415412.1,1.713,1.290,0.000,0.000,0.000,0.000,0.000,RP5-837J1.2
ENST00000497947.2,0.782,6.507,8.576,8.179,8.181,7.147,4.185,LMO7
ENST00000429602.2,2.477,1.581,0.199,0.675,0.444,0.451,0.478,SIMC1
ENST00000560748.1,0.717,0.456,0.010,0.174,0.000,0.075,0.000,ANKRD9
ENST00000424352.2,1.425,0.708,0.398,0.299,0.444,0.000,0.329,MEIS2
ENST00000461838.1,2.253,1.086,0.608,0.000,0.010,0.000,0.000,MTIF3
ENST00000491128.1,0.363,0.262,0.000,1.235,3.252,7.706,10.642,SMPD4
ENST00000378557.1,0.140,1.135,1.165,1.273,0.040,2.300,1.391,FAM214B
ENST00000445587.1,1.387,0.495,0.000,0.000,0.141,0.000,0.297,TIA1
ENST00000508835.1,2.058,0.582,0.000,0.000,0.000,0.000,0.000,SLC41A3
ENST00000451445.2,0.158,1.261,0.309,0.540,2.252,2.805,3.144,HACL1
ENST00000393066.3,1.918,0.524,1.026,0.289,0.000,0.000,0.117,TRIM37
ENST00000297848.3,0.633,0.107,0.179,0.000,0.121,0.161,0.000,COL14A1
ENST00000380058.3,0.447,0.097,0.000,0.000,0.202,0.000,0.000,GTPBP10
ENST00000593196.1,5.707,0.116,0.827,1.775,2.222,2.816,1.009,MAP4K1
ENST00000540285.1,1.117,1.086,0.359,0.251,0.000,0.000,0.000,ABCB9
ENST00000536657.1,1.769,0.572,0.508,0.000,0.000,0.000,0.000,WASF2
ENST00000484722.1,2.281,0.233,0.020,0.000,0.162,1.107,0.998,C15orf27
ENST00000442253.2,4.963,1.755,0.000,0.000,0.000,1.322,0.000,PAQR8
ENST00000266269.5,1.425,0.727,0.129,0.000,0.000,0.494,0.892,PATZ1
ENST00000410069.1,1.127,0.039,0.249,0.000,0.000,0.000,0.000,CCDC126
ENST00000473576.2,0.819,2.298,4.154,13.233,6.515,7.405,7.679,EBPL
ENST00000520753.1,1.816,0.640,0.070,0.000,0.000,1.032,0.520,CARD8
ENST00000273067.4,0.074,3.986,3.357,4.224,2.646,1.548,4.747,MARCH4
ENST00000571947.1,22.765,13.285,5.000,0.000,0.000,2.837,0.000,TRAPPC1
ENST00000419378.1,2.002,15.089,18.487,7.127,9.515,15.046,11.736,HMGN1
ENST00000526341.1,5.307,2.027,1.853,0.000,0.000,1.741,0.414,GPAA1
ENST00000464295.1,1.201,0.058,0.000,0.000,0.495,0.333,0.000,GPR156
ENST00000563009.1,2.151,0.126,0.747,0.000,0.626,0.892,0.467,EDC3
ENST00000490063.1,7.560,2.531,0.000,0.907,0.000,0.000,0.000,PCBP4
ENST00000525261.1,1.164,0.175,0.309,0.000,0.000,0.000,0.000,EEF1D
ENST00000370050.5,2.030,11.113,17.581,12.075,17.928,12.101,12.309,TMEM30A
ENST00000564818.1,0.009,0.272,0.757,0.723,0.667,0.419,0.945,SULT1A1
ENST00000406516.1,1.303,0.136,0.249,0.000,0.404,0.365,0.287,LIMK2
ENST00000470907.2,0.047,3.501,2.550,1.254,2.747,2.440,2.422,LOXL3
ENST00000535622.1,0.493,0.058,0.110,0.000,0.000,0.000,0.000,DEPDC5
ENST00000477649.1,0.754,16.059,11.385,6.163,14.827,10.210,12.426,VMA21
ENST00000587646.1,0.577,0.194,0.179,0.000,0.000,0.000,0.000,STAT5A
ENST00000275248.4,2.216,0.155,0.000,1.900,0.000,0.000,0.000,ARID1B
ENST00000537107.1,1.210,0.524,0.398,0.405,0.000,0.000,0.127,ANKRD65
ENST00000453171.1,0.978,7.060,6.714,3.491,9.818,15.154,8.507,KRTCAP3
ENST00000566695.1,8.594,3.220,1.036,0.000,0.000,1.591,1.869,CNN2
ENST00000325630.2,0.242,15.167,7.998,1.177,3.192,1.580,4.524,SPINK6
ENST00000528573.1,1.797,1.270,0.000,0.000,0.000,0.000,0.000,SART1
ENST00000378482.2,6.592,1.687,1.902,0.916,2.020,2.837,1.168,TSPAN7
ENST00000313375.3,2.598,1.183,1.086,0.936,0.687,0.000,0.000,MLXIPL
ENST00000231461.5,0.587,0.116,0.100,0.125,0.152,0.215,0.064,ST8SIA4
ENST00000284414.4,0.428,0.155,0.000,0.000,0.020,0.086,0.117,LRRC37A6P
ENST00000526162.1,0.512,0.349,0.000,0.000,0.000,0.043,0.053,ARHGAP32
ENST00000539801.1,0.801,0.368,0.299,0.000,0.000,0.000,0.000,JAK2
ENST00000428833.1,0.028,2.725,1.992,2.045,2.656,2.257,4.270,SNHG5
ENST00000488723.1,0.708,0.320,0.000,0.000,0.000,0.000,0.000,CDK5RAP1
ENST00000609207.1,2.244,0.378,0.508,0.897,0.626,0.527,0.627,RP11-54O7.3
ENST00000454618.1,0.251,7.302,3.267,1.196,2.757,6.760,6.670,STYXL1
ENST00000461255.1,0.298,2.541,6.275,8.140,7.393,15.874,19.521,NUP205
ENST00000439632.1,1.452,0.436,0.458,0.000,0.000,0.365,0.712,NARG2
ENST00000379923.1,0.028,0.029,0.030,15.750,10.969,12.553,0.032,ACO1
ENST00000429001.3,0.317,5.149,5.598,1.514,2.586,0.989,2.220,LARP4
ENST00000264266.8,1.276,1.047,0.000,0.000,0.354,0.000,0.000,MFSD1
ENST00000305425.4,0.531,0.126,0.080,0.000,0.111,0.129,0.212,DACH1
ENST00000399796.2,3.138,0.824,0.000,1.562,1.040,1.472,0.000,ATP6V1E1
ENST00000326080.5,1.117,0.068,0.080,0.212,0.485,0.333,0.255,FAXDC2
ENST00000241261.2,2.076,0.136,0.000,0.810,0.485,0.494,0.000,TNFSF10
ENST00000379716.1,0.196,1.522,1.484,1.263,1.626,2.386,3.993,SH3KBP1
ENST00000541604.2,1.303,0.543,0.129,0.000,0.152,0.247,0.297,RIMS4
ENST00000538539.1,1.685,1.212,0.369,0.000,0.000,0.000,0.000,NCOA1
ENST00000334715.3,0.205,2.308,2.550,0.550,1.111,0.731,1.519,ZSCAN25
ENST00000489306.1,0.214,3.336,9.014,8.121,10.939,19.925,19.723,CEBPZ
ENST00000449950.2,1.676,0.378,0.070,0.000,0.485,0.441,0.181,PIGV
ENST00000439980.2,4.544,1.716,2.301,0.000,0.000,2.042,0.000,PIN4
ENST00000342922.4,0.624,0.213,0.000,0.000,0.000,0.000,0.000,MADD
ENST00000474875.1,2.579,2.027,0.080,0.000,0.000,0.000,0.000,TOR1AIP1
ENST00000581388.1,2.598,21.838,46.019,27.748,29.786,28.233,46.370,PSMB3
ENST00000427990.1,4.059,1.270,0.129,1.321,0.000,0.000,0.000,APOL1
ENST00000506682.1,0.689,1.426,6.166,3.723,5.000,10.307,9.983,MINA
ENST00000311565.4,0.596,0.136,0.000,0.241,0.293,0.000,0.244,PPARD
ENST00000559642.1,6.266,1.329,0.219,3.626,0.000,3.170,0.000,BMP4
ENST00000493460.1,11.517,1.610,4.064,0.000,0.000,0.000,0.000,LZTR1
ENST00000592707.1,0.093,0.785,0.857,1.244,2.505,2.827,3.770,SAFB
ENST00000314319.3,0.903,0.398,0.309,0.000,0.283,0.000,0.276,ARHGAP28
ENST00000511224.1,2.346,0.281,0.080,0.000,0.667,0.774,0.000,SEPP1
ENST00000523513.1,1.331,0.175,0.139,0.000,0.636,0.623,0.000,DNM3
ENST00000547095.1,1.816,1.125,0.000,0.000,0.394,0.430,0.234,MON2
ENST00000296873.7,15.623,5.421,6.833,3.906,2.606,5.750,0.000,SEPT8
ENST00000395711.4,0.568,5.789,4.363,3.993,4.555,4.224,4.461,SDAD1
ENST00000339153.3,0.540,0.194,0.000,0.000,0.000,0.000,0.000,C19orf54
ENST00000524767.1,1.406,1.086,0.000,0.347,0.253,0.269,0.000,C11orf30
ENST00000537607.1,0.978,0.475,0.498,0.328,0.000,0.000,0.000,CIT
ENST00000540798.1,0.009,0.446,1.215,0.231,0.384,0.161,0.011,RTN3
ENST00000552491.1,2.104,12.393,22.860,17.640,36.180,41.925,45.977,LIMA1
ENST00000441545.2,5.512,0.892,0.647,1.649,1.727,1.376,2.645,IL11RA
ENST00000236877.6,0.307,0.058,0.080,0.058,0.081,0.043,0.138,SLC8A2
ENST00000519033.1,0.168,5.324,2.032,6.095,2.959,5.911,1.030,HNRNPH1
ENST00000589407.1,0.754,0.145,0.139,0.000,0.273,0.000,0.000,FAM171A2
ENST00000443381.2,0.773,0.427,0.000,0.000,0.000,0.140,0.000,ZNF276
ENST00000452994.1,2.235,0.698,0.080,0.000,0.737,0.774,0.000,BAG6
ENST00000567110.1,0.363,13.140,5.299,11.207,9.575,7.749,7.626,NUDT21
ENST00000409015.1,0.838,0.301,0.667,0.000,0.000,0.000,0.000,TGOLN2
ENST00000507131.1,0.577,0.417,0.000,0.000,0.000,0.000,0.000,NFXL1
ENST00000519649.1,1.536,0.592,0.139,0.608,0.394,0.279,0.000,SEMA4G
ENST00000577542.1,0.791,0.175,0.139,0.530,0.000,0.000,0.000,MIF4GD
ENST00000377773.5,0.819,6.633,4.512,3.829,6.737,5.245,10.578,TOMM5
ENST00000470388.1,0.950,0.465,0.000,0.231,0.000,0.000,0.127,KIAA0319L
ENST00000431235.2,0.019,1.532,3.875,0.000,1.515,2.096,3.303,SEPT9
ENST00000347132.5,0.577,0.048,0.020,0.096,0.222,0.000,0.212,KCNQ4
ENST00000416240.2,1.918,0.359,0.697,0.000,0.808,0.000,0.372,SLC25A13
ENST00000521545.2,3.640,0.698,0.000,0.000,0.000,0.000,0.000,LAPTM4B
ENST00000479586.1,1.890,1.290,0.000,0.000,0.000,0.408,0.828,HMGN1
ENST00000369911.2,4.516,4.897,0.040,0.000,0.000,0.000,0.000,DNAJC5
ENST00000418984.3,0.503,0.592,0.000,0.000,0.000,0.000,0.000,EEA1
ENST00000585906.1,0.661,0.097,0.149,0.270,0.000,0.097,0.000,EPG5
ENST00000538249.1,1.695,1.018,0.159,0.338,0.000,0.000,0.000,ARRDC4
ENST00000479721.1,3.780,0.795,0.817,1.861,0.616,0.000,0.000,NPL
ENST00000541196.1,3.762,0.941,1.255,1.726,1.566,0.193,0.287,HCP5
ENST00000558357.1,0.400,0.165,0.000,0.000,0.202,0.000,0.000,INO80
ENST00000346874.4,0.037,0.737,0.787,1.013,0.606,0.484,0.584,PARD3
ENST00000547394.2,1.006,0.427,0.000,0.000,0.000,0.000,0.000,CUX1
ENST00000361802.2,1.443,0.562,0.369,0.270,0.667,0.376,0.000,ABCG1
ENST00000531822.1,1.173,0.766,0.000,0.000,0.000,0.000,0.308,AKIRIN1
ENST00000469598.1,0.931,0.165,0.359,0.183,0.232,0.226,0.255,TLL2
ENST00000536838.1,0.866,0.456,0.209,0.251,0.000,0.236,0.000,TRPV4
ENST00000313248.7,1.499,0.242,0.418,1.186,0.000,0.000,0.000,SLC29A1
ENST00000397256.1,0.512,0.087,0.000,0.000,0.182,0.064,0.000,ARPC4-TTLL3
ENST00000541124.1,0.140,36.064,22.780,25.742,15.605,25.009,22.760,PSME3
ENST00000255006.6,1.052,0.310,0.080,0.000,0.242,0.247,0.605,RIN2
ENST00000557952.1,7.774,0.058,3.407,2.942,3.899,0.000,0.000,DCAF11
ENST00000336553.6,5.037,1.154,1.554,1.263,1.343,0.000,0.000,FGFR2
ENST00000503556.1,0.568,0.058,0.000,0.000,0.141,0.129,0.000,FAM13A
ENST00000441946.2,21.145,0.776,6.783,0.039,6.252,0.107,0.733,PSME3
ENST00000474052.1,0.456,0.233,0.090,0.000,0.000,0.000,0.117,PHYKPL
ENST00000572748.1,1.192,0.485,0.000,0.000,0.182,0.172,0.181,ZNF263
ENST00000342467.6,1.862,0.524,0.000,2.614,0.000,0.000,0.000,NUP54
ENST00000370055.1,12.718,7.060,2.719,3.202,0.000,0.301,0.127,L1CAM
ENST00000358383.5,1.061,0.320,0.319,0.000,0.424,0.000,0.011,PARPBP
ENST00000561462.1,0.400,3.103,4.193,3.308,4.788,2.923,7.116,IPO4
ENST00000409403.2,0.810,0.650,0.000,0.000,0.000,0.000,0.000,CLK1
ENST00000541667.1,8.780,3.724,1.853,1.157,1.788,0.000,0.000,CLSTN3
ENST00000551577.1,1.285,1.154,0.139,0.328,0.000,0.226,0.000,TMEM117
ENST00000554516.1,2.272,1.222,0.478,0.000,0.000,0.000,0.000,HAUS4
ENST00000374392.2,1.266,0.213,0.269,0.135,0.475,0.279,0.297,NCMAP
ENST00000438204.2,1.741,0.553,0.000,0.000,0.000,0.000,0.000,RPE
ENST00000240100.2,1.378,10.337,7.052,6.973,7.666,6.524,10.971,DUSP4
ENST00000563565.1,0.652,31.953,36.755,27.999,37.028,45.998,44.575,RP11-24N18.1
ENST00000448424.2,0.577,0.078,0.179,0.183,0.071,0.193,0.000,ATP7B
ENST00000592352.1,3.380,1.086,0.408,0.579,0.707,0.226,0.839,HSBP1L1
ENST00000576924.1,1.546,0.592,0.408,0.405,0.071,0.333,0.000,SRRM2
ENST00000355460.2,1.574,1.435,0.608,0.000,0.030,0.075,0.000,MBNL1
ENST00000566227.1,1.117,0.378,0.628,0.000,0.000,0.000,0.000,CIRH1A
ENST00000503810.2,1.881,0.388,0.000,0.000,0.000,0.107,0.000,ITGA2
ENST00000478828.1,0.512,4.538,6.275,1.427,5.434,4.052,11.715,YARS
ENST00000323289.5,0.438,0.116,0.040,0.077,0.162,0.215,0.074,BAI1
ENST00000344956.4,0.540,4.684,4.582,4.167,3.808,2.912,6.564,PVR
ENST00000485118.1,1.061,3.840,5.279,1.861,15.534,19.248,19.627,MUC1
ENST00000453867.1,0.214,3.772,3.636,0.000,3.212,4.546,4.631,PAK6
ENST00000487452.1,4.004,2.638,0.707,1.254,0.384,0.000,0.000,PPP1R35
ENST00000532672.1,4.106,1.639,16.784,12.866,24.251,34.638,47.602,BIRC2
ENST00000428005.1,0.931,0.019,0.727,0.000,0.354,0.000,0.000,SLC4A7
ENST00000381506.3,0.894,0.262,0.000,0.309,0.000,0.365,0.308,ERMP1
ENST00000488300.1,0.549,0.145,0.000,0.000,0.000,0.000,0.340,RNF182
ENST00000494088.1,1.136,0.834,0.000,0.000,0.000,0.140,0.000,SLMAP
ENST00000538159.1,2.328,0.970,0.000,0.000,0.000,0.000,0.000,USO1
ENST00000520857.1,0.028,0.068,0.259,0.627,2.505,2.160,0.797,TRAPPC9
ENST00000378402.5,0.279,0.019,0.070,0.106,0.101,0.054,0.064,PKHD1L1
ENST00000407230.1,2.197,0.330,0.827,0.328,0.414,0.430,0.340,NCOA1
ENST00000394949.4,5.056,0.048,0.060,1.321,0.859,0.623,0.000,SIN3A
ENST00000419349.1,8.836,1.784,2.918,1.032,1.141,2.128,3.494,GPX1
ENST00000553802.1,4.730,1.445,0.000,1.871,0.000,0.000,0.000,LGMN
ENST00000419169.1,3.203,2.347,0.986,0.559,0.000,0.376,0.000,SMG7
ENST00000445856.1,8.193,2.483,2.719,0.000,4.030,0.000,0.000,EPHX1
ENST00000313777.4,0.065,3.287,2.530,0.000,0.495,0.000,5.395,FUZ
ENST00000580075.1,2.179,0.465,0.000,0.916,0.000,0.000,0.000,CASKIN2
ENST00000436383.1,0.205,5.479,4.014,2.180,2.343,1.838,3.802,LINC00707
ENST00000496374.1,0.493,0.175,0.139,0.077,0.111,0.086,0.085,SYNGAP1
ENST00000441733.1,0.689,0.155,0.120,0.000,0.000,0.183,0.000,RBCK1
ENST00000393568.4,1.788,0.562,0.598,0.000,0.000,0.000,0.000,GALC
ENST00000555952.1,0.130,4.257,4.990,8.121,5.636,4.385,6.808,FRMD6
ENST00000433544.1,1.117,8.078,6.933,7.542,8.232,5.664,11.407,RP11-488P3.1
ENST00000360113.2,1.648,0.805,0.000,0.000,0.000,0.000,0.000,GAS2L1
ENST00000557433.1,1.974,15.351,14.732,11.188,17.251,5.696,28.591,SHMT2
ENST00000441102.2,2.188,1.358,0.000,0.000,0.000,0.000,0.000,ZHX3
ENST00000367976.3,81.152,10.696,31.675,15.933,28.847,13.144,25.532,CTGF
ENST00000539406.1,0.717,0.524,0.000,0.000,0.000,0.301,0.000,CHN2
ENST00000372388.2,1.844,0.950,0.000,0.897,0.253,0.000,0.000,DLG5
ENST00000437955.1,4.590,0.747,2.311,1.360,0.717,0.978,0.223,SULF2
ENST00000490373.1,1.806,0.320,0.000,0.656,0.000,0.000,0.000,RUSC1
ENST00000564363.1,7.523,1.028,3.197,0.810,2.535,1.806,2.220,RP11-1100L3.8
ENST00000452135.2,0.642,0.252,0.000,0.000,0.000,0.623,0.000,MAPK9
ENST00000551728.1,0.717,0.175,0.000,0.000,0.000,0.000,0.000,CPM
ENST00000559417.1,7.318,3.006,1.006,1.669,0.616,1.021,0.637,PCSK6
ENST00000366581.2,1.722,18.328,15.758,13.136,11.767,10.618,10.854,HEATR1
ENST00000404963.3,0.847,0.553,0.239,0.000,0.030,0.172,0.234,RALB
ENST00000593425.1,1.331,0.950,0.000,0.000,0.000,0.000,0.000,LIG1
ENST00000464611.1,5.046,4.490,63.081,21.546,268.619,356.537,411.743,ACTB
ENST00000344119.2,0.950,0.058,0.000,0.000,0.091,0.516,0.223,ENTPD8
ENST00000367799.2,1.974,0.320,0.528,0.328,0.606,1.193,0.000,AHI1
ENST00000546047.2,2.300,0.873,0.139,0.174,0.000,1.171,1.264,SLC26A11
ENST00000375143.2,3.315,0.989,0.996,1.591,0.313,1.322,0.000,PPT2
ENST00000404867.3,2.095,0.533,0.478,0.772,0.475,0.269,0.074,SLIT3
ENST00000541468.1,0.950,1.736,6.474,2.209,7.404,8.834,9.994,NCAPG2
ENST00000296402.5,0.838,0.592,0.349,0.000,0.000,0.021,0.308,CAMK2D
ENST00000589417.1,0.047,4.286,0.000,0.000,2.828,4.148,5.905,H3F3B
ENST00000513834.1,2.830,2.453,0.229,0.154,0.505,0.000,0.000,WWC2
ENST00000465110.1,0.596,0.087,0.169,0.000,0.000,0.107,0.117,WEE2-AS1
ENST00000429355.2,0.978,0.892,0.000,0.395,0.212,0.000,0.000,R3HDM2
ENST00000554901.1,0.102,3.540,2.480,2.893,4.373,3.375,3.760,SPTLC2
ENST00000302541.6,0.354,0.039,0.040,0.077,0.061,0.150,0.000,MYRIP
ENST00000495568.3,4.153,0.533,1.215,0.000,1.121,2.300,0.743,PIEZO1
ENST00000509639.1,3.035,0.436,0.000,1.109,0.000,0.000,0.000,DDR1
ENST00000436370.3,0.736,0.291,0.000,0.000,0.000,0.000,0.000,PEPD
ENST00000547613.1,0.158,2.783,3.705,4.707,3.293,3.858,4.004,KRT7
ENST00000564370.1,0.782,2.531,4.662,4.244,7.444,7.673,6.840,STUB1
ENST00000539730.1,0.615,0.233,0.000,0.000,0.000,0.000,0.000,ARL13B
ENST00000551295.2,0.326,0.058,0.080,0.000,0.040,0.107,0.138,CNTN1
ENST00000444138.1,2.449,0.533,0.010,0.521,0.000,2.977,0.000,RNASEL
ENST00000581368.1,0.978,0.068,0.000,0.000,0.303,0.247,0.000,LRRC37A3
ENST00000406644.3,5.335,1.988,1.723,0.482,1.980,1.064,0.499,TEF
ENST00000297222.6,0.009,0.175,0.528,0.540,1.131,1.644,1.062,KIAA1324L
ENST00000418543.3,4.339,0.543,0.528,1.244,0.222,0.054,0.000,WDR83
ENST00000397536.2,0.223,1.018,2.490,4.851,3.909,3.267,4.270,C15orf52
ENST00000428024.3,4.721,0.611,1.385,0.781,2.414,1.677,0.446,GBA
ENST00000533177.1,0.093,5.547,2.889,5.141,1.737,2.450,5.427,UBTF
ENST00000320270.2,4.627,33.882,28.537,21.083,23.160,25.997,31.873,RRS1
ENST00000505979.1,3.575,0.902,2.620,0.000,0.596,0.000,0.372,ARNT
ENST00000263646.7,0.084,1.552,0.996,1.659,0.485,1.429,0.000,TOLLIP
ENST00000532891.2,1.303,0.272,0.448,0.357,0.111,0.269,0.000,ARHGAP27
ENST00000543680.1,1.657,0.708,0.000,0.106,0.000,0.000,0.085,SOS2
ENST00000380733.4,3.715,1.251,1.195,0.000,0.000,0.000,0.000,PSIP1
ENST00000480895.1,2.244,0.330,0.468,0.000,1.616,0.000,0.000,LZTR1
ENST00000545344.1,4.329,2.356,0.797,1.437,0.000,0.000,1.890,TM7SF3
ENST00000389463.4,0.121,0.892,1.504,1.852,2.010,0.000,1.243,LAMA4
ENST00000557117.1,0.754,0.019,0.010,0.280,0.000,0.000,0.011,DEGS2
ENST00000568370.1,1.099,0.126,0.179,0.106,0.152,0.269,0.563,MT1X
ENST00000527524.2,0.596,0.136,0.209,0.154,0.141,0.118,0.064,GRIK4
ENST00000472097.1,3.305,0.427,0.986,0.280,0.000,1.225,0.000,ATL2
ENST00000486886.1,0.857,2.773,5.588,5.960,8.383,8.103,15.666,PHLDB2
ENST00000409484.1,0.484,0.213,0.000,0.000,0.000,0.000,0.000,CYBRD1
ENST00000438723.1,2.989,0.087,0.588,0.444,0.000,1.505,0.499,RALGPS1
ENST00000300851.6,0.382,4.180,3.566,3.954,3.283,5.857,10.674,VKORC1
ENST00000504789.1,0.773,30.023,9.931,7.455,19.918,24.600,28.676,SUB1
ENST00000462880.1,0.940,4.538,2.918,7.552,8.525,5.277,9.856,SNAPIN
ENST00000544428.1,0.987,0.815,0.000,0.000,0.000,0.000,0.000,ALG1
ENST00000472678.1,3.920,1.435,0.538,0.984,0.000,1.483,0.000,PEX13
ENST00000438120.1,32.448,14.682,10.907,18.171,5.141,0.000,0.000,PTPRF
ENST00000358536.4,0.987,0.446,0.000,0.000,0.000,0.236,0.414,PLXNB1
ENST00000421419.2,3.175,1.513,0.329,0.058,1.323,0.000,0.340,ATG2A
ENST00000413809.1,1.099,0.388,0.219,0.000,0.333,0.301,0.000,SETMAR
ENST00000571676.1,2.421,0.902,0.000,0.000,0.000,0.000,0.000,ZC3H7A
ENST00000569832.1,0.493,0.048,0.120,0.145,0.182,0.064,0.149,SSTR5-AS1
ENST00000535844.1,0.596,0.087,0.000,0.473,0.000,0.000,0.000,RP11-512M8.5
ENST00000547262.1,4.776,2.744,1.046,1.302,1.283,0.000,0.743,R3HDM2
ENST00000425291.1,1.508,0.427,0.000,0.000,0.000,0.000,0.839,ELP6
ENST00000601857.1,4.534,1.144,0.269,0.019,1.919,0.000,0.000,ZNF845
ENST00000402328.2,0.130,1.115,3.108,2.537,3.323,10.188,13.679,LPHN2
ENST00000458356.1,1.462,0.368,0.120,1.061,0.343,0.000,0.011,TMPRSS2
ENST00000399408.2,0.456,0.233,0.000,0.000,0.000,0.000,0.000,ABCC1
ENST00000326092.4,1.527,14.527,17.292,10.764,14.646,14.799,12.936,RPL21
ENST00000321751.5,10.884,21.247,38.150,44.810,102.509,56.928,122.542,AURKAIP1
ENST00000586868.1,2.644,12.257,13.517,7.156,30.826,12.058,35.760,TBCB
ENST00000465093.1,1.564,0.368,0.000,0.608,0.798,0.462,0.000,ARHGEF26
ENST00000272462.2,1.527,8.466,8.208,7.986,7.545,9.071,14.933,MALL
ENST00000522411.1,4.423,1.969,2.082,1.784,0.364,0.000,0.329,LSS
ENST00000548147.1,0.233,2.550,2.660,0.646,3.293,2.042,3.877,KANSL2
ENST00000242208.4,0.317,0.727,2.341,5.237,4.101,1.569,4.397,INHBA
ENST00000509635.1,0.326,1.891,2.480,1.765,12.454,5.417,11.141,ENOPH1
ENST00000342607.6,1.248,0.388,0.120,0.000,0.182,0.430,0.000,TMEM120B
ENST00000239450.2,0.587,0.019,0.179,0.000,0.162,0.107,0.042,PCDHB12
ENST00000483388.1,1.462,0.339,0.000,0.203,0.111,0.451,0.127,ZNF362
ENST00000496713.1,2.058,1.154,0.229,0.000,0.879,0.376,0.000,ARL6
ENST00000440350.1,1.955,0.436,0.000,0.000,0.626,0.000,0.000,FIGNL1
ENST00000569693.1,0.223,1.649,0.000,0.000,5.030,6.104,11.736,ADPGK
ENST00000478348.1,6.536,3.995,5.369,0.000,127.901,23.311,208.962,S100A10
ENST00000544443.1,0.503,0.107,0.000,0.000,0.000,0.054,0.000,VAV3
ENST00000437314.3,1.853,0.921,0.369,0.029,0.485,0.000,0.680,NUDT7
ENST00000392432.2,0.354,0.242,0.000,0.135,0.000,0.000,0.000,TMEM44
ENST00000537947.1,8.668,0.019,1.972,2.257,1.717,1.698,5.215,STARD10
ENST00000482441.1,0.577,0.058,4.094,2.334,2.808,10.672,13.393,PRRC2A
ENST00000418766.1,1.080,0.233,0.379,0.222,0.081,0.075,0.064,TTC3
ENST00000602473.1,2.663,0.485,0.329,0.964,0.616,1.182,0.425,IL11RA
ENST00000400907.2,2.951,0.116,0.578,1.157,2.212,0.000,0.297,RERE
ENST00000394153.2,0.158,1.154,1.126,2.006,0.848,0.817,1.806,FHL1
ENST00000334342.5,1.695,0.097,0.647,0.482,0.495,0.430,0.329,C14orf37
ENST00000526374.1,6.173,2.230,1.873,2.363,1.040,1.311,0.871,PHLDB1
ENST00000485708.2,2.356,21.402,7.580,19.039,12.999,15.401,14.338,RPS24
ENST00000570273.1,2.830,2.124,0.000,0.000,0.000,1.085,0.000,HERPUD1
ENST00000442711.1,0.084,0.398,1.594,2.787,2.808,0.795,2.464,INHBA
ENST00000429851.1,1.024,0.048,0.149,0.550,0.000,0.699,0.000,CEP350
ENST00000369764.1,3.408,1.891,0.000,0.260,0.566,1.107,0.988,OBFC1
ENST00000360185.4,1.015,0.272,0.000,0.260,0.000,0.000,0.212,GIT2
ENST00000350057.5,6.564,1.416,2.520,0.000,2.262,0.032,0.000,MDM2
ENST00000590536.1,5.065,1.668,1.205,1.900,1.353,0.000,0.712,TLE2
ENST00000475937.1,1.359,0.068,0.159,0.415,0.222,0.107,0.435,FOXP1
ENST00000436674.1,0.987,0.310,0.289,0.000,0.000,0.000,0.276,TMEM184B
ENST00000419884.1,1.704,1.959,6.474,3.520,13.171,8.286,34.209,LRPPRC
ENST00000581373.1,0.857,5.198,8.726,7.774,14.423,7.630,19.765,RPL17
ENST00000473693.1,1.378,0.204,0.000,0.000,0.293,0.634,0.000,SELENBP1
ENST00000496244.1,1.508,0.524,0.000,0.000,0.657,0.000,0.202,ALS2
ENST00000564201.1,1.695,0.417,0.209,0.299,0.000,0.000,0.000,NR4A1
ENST00000593314.1,1.089,0.456,0.000,0.000,0.000,0.000,0.000,RP11-66B24.2
ENST00000405271.1,0.708,4.257,0.000,0.000,25.251,2.891,24.268,EPCAM
ENST00000515641.1,0.559,0.204,0.000,0.000,0.000,0.000,0.000,ANKRD50
ENST00000528081.1,1.341,2.899,6.335,5.276,10.828,11.188,11.428,RBM25
ENST00000252336.6,0.866,0.330,0.000,0.193,0.000,0.441,0.000,STARD8
ENST00000301691.2,4.562,0.650,1.106,0.714,0.717,1.806,0.733,SOST
ENST00000251761.8,1.555,1.105,0.000,0.000,0.030,0.011,0.011,LEPREL2
ENST00000588880.1,4.274,0.921,1.434,2.556,0.253,1.204,0.000,SEC14L1
ENST00000514916.1,1.657,0.407,0.000,0.000,0.000,0.000,0.000,ANKRA2
ENST00000531477.1,0.577,8.359,6.435,3.038,5.596,4.084,5.778,TMEM126B
ENST00000555335.1,11.471,7.283,0.000,0.000,5.404,3.461,0.000,ATP6V1D
ENST00000555561.1,2.560,0.747,0.398,0.000,0.434,0.914,0.000,SDR39U1
ENST00000471942.2,1.397,0.533,0.388,0.299,0.000,0.000,0.000,DENND6B
ENST00000464850.1,1.946,0.727,0.369,1.042,0.000,0.000,0.000,ZFP1
ENST00000445419.2,0.186,0.213,0.379,1.100,0.727,2.827,3.229,IBTK
ENST00000437989.2,2.784,2.172,0.817,0.000,0.000,0.000,0.000,C15orf41
ENST00000376450.3,2.216,0.058,0.359,1.225,0.909,0.709,0.287,PDE2A
ENST00000370056.4,5.065,1.183,0.946,1.080,1.343,2.332,1.317,VAV3
ENST00000555347.1,28.537,5.062,4.821,4.012,8.787,2.472,10.260,FOS
ENST00000255495.7,1.043,0.689,0.000,0.135,0.576,0.000,0.000,MORC4
ENST00000535822.1,1.331,0.029,0.677,0.000,0.919,0.000,0.000,ZNF133
ENST00000374724.1,13.454,6.429,2.958,5.391,1.677,0.000,0.000,SLC44A1
ENST00000537679.1,0.009,5.692,8.995,9.047,8.151,17.185,15.623,KPNB1
ENST00000265318.4,0.410,0.116,0.090,0.289,0.081,0.032,0.021,OBSL1
ENST00000429896.2,1.564,0.718,0.687,0.231,0.152,0.322,0.181,PTCH1
ENST00000564255.1,0.484,0.349,0.090,0.000,0.000,0.000,0.117,CHD9
ENST00000476307.1,0.931,0.281,0.000,0.193,0.131,0.000,0.000,TAZ
ENST00000482950.1,2.253,1.028,0.000,0.000,0.000,0.806,0.000,SLC4A2
ENST00000277554.2,0.624,0.485,0.080,0.000,0.000,0.000,0.000,NACC2
ENST00000525908.1,0.615,0.310,0.000,0.000,0.000,0.000,0.000,C11orf80
ENST00000514522.2,9.013,0.048,1.494,3.559,3.646,0.000,1.051,RP11-1415C14.3
ENST00000609181.1,0.549,0.194,0.209,0.000,0.000,0.000,0.000,EPRS
ENST00000450518.2,3.482,17.096,20.659,17.168,16.484,29.555,26.754,ACTL6A
ENST00000264345.3,0.093,0.630,1.404,1.003,1.303,1.290,1.721,HERC3
ENST00000521790.1,4.367,3.346,0.936,0.000,1.485,0.000,0.701,HNRNPH1
ENST00000376250.2,5.950,1.571,1.574,2.045,1.020,2.827,0.266,GGACT
ENST00000389386.3,2.914,0.524,0.518,0.338,1.273,1.096,0.435,VPS9D1
ENST00000473330.1,0.996,1.687,1.932,1.842,43.452,2.429,61.048,FSCN1
ENST00000483629.1,0.009,0.650,0.408,0.357,0.889,0.548,2.220,EWSR1
ENST00000342247.5,0.866,0.184,0.000,0.270,0.000,0.204,0.106,CECR2
ENST00000456357.2,5.084,23.981,26.944,0.463,59.027,56.853,70.978,BRI3
ENST00000454277.1,3.203,2.473,1.225,0.424,0.000,0.613,0.000,DNAJC2
ENST00000553640.1,1.248,0.621,0.319,0.000,0.000,0.000,0.000,OSGEP
ENST00000304030.2,1.965,0.165,0.677,0.000,0.798,0.247,0.882,ZNF439
ENST00000429968.1,0.009,2.124,0.080,0.029,2.666,3.138,0.000,RBM39
ENST00000406226.1,2.179,0.562,0.209,0.000,0.919,0.441,0.000,STON1
ENST00000497027.1,0.698,0.233,0.000,0.000,0.374,0.000,0.000,WNT5A
ENST00000397166.2,5.410,2.880,0.847,2.980,0.566,0.333,0.000,DDHD2
ENST00000495272.1,0.047,2.095,1.693,1.225,0.909,0.967,2.092,RWDD3
ENST00000555634.1,4.292,0.349,0.000,4.485,0.000,0.677,0.117,SHMT2
ENST00000321297.5,0.866,0.175,0.000,0.367,0.000,0.097,0.000,ATG16L2
ENST00000457869.1,6.639,1.076,2.291,3.163,1.182,1.161,1.731,SERPING1
ENST00000424365.1,0.652,0.310,0.000,0.000,0.000,0.000,0.000,MX1
ENST00000397632.3,1.927,0.136,0.000,0.000,0.000,0.000,0.882,SIGIRR
ENST00000430705.1,4.292,0.039,0.578,1.900,1.394,0.666,0.000,PTPRA
ENST00000380255.3,0.093,1.949,1.663,0.000,0.000,2.429,2.899,CNTROB
ENST00000374574.2,0.596,0.078,0.100,0.203,0.091,0.000,0.287,BMPR2
ENST00000353929.4,1.341,0.010,0.159,0.540,0.424,0.021,0.000,TSC2
ENST00000344624.3,0.009,0.039,2.560,5.584,1.091,0.860,2.337,DROSHA
ENST00000593807.1,1.937,1.270,0.438,0.000,0.434,0.000,0.000,ELAVL1
ENST00000483764.1,0.959,0.950,0.000,0.000,0.000,0.000,0.255,MRPL28
ENST00000558720.1,0.047,22.032,18.148,15.547,33.564,38.711,32.446,SRP14
ENST00000517371.1,0.149,1.164,1.454,0.212,3.131,4.127,4.684,YTHDF3
ENST00000553968.1,0.829,8.378,11.196,10.619,10.565,9.350,15.910,DIO2
ENST00000510746.1,2.775,1.358,0.000,0.000,0.000,0.559,0.000,YTHDC1
ENST00000389701.5,1.173,0.621,0.398,0.000,0.384,0.000,0.000,HAGHL
ENST00000379470.1,0.447,2.075,5.508,4.745,5.646,7.598,12.150,NOL6
ENST00000476451.1,8.892,8.058,1.454,0.000,0.000,0.000,0.000,HNRNPR
ENST00000426982.2,5.307,0.727,2.002,0.000,0.626,0.000,0.510,KIAA0319L
ENST00000598896.1,0.689,0.601,0.000,0.000,0.000,0.000,0.181,SYMPK
ENST00000583795.1,2.654,0.078,0.737,0.559,0.000,0.000,0.000,KIAA0195
ENST00000371559.4,1.564,0.165,0.618,0.588,0.465,0.505,0.000,GRIN1
ENST00000566906.2,1.303,0.320,0.637,0.000,0.000,0.914,0.000,MAZ
ENST00000586615.1,6.117,0.698,1.673,0.482,2.454,1.085,2.475,FOSB
ENST00000603300.1,0.801,0.116,0.309,0.000,0.485,0.000,0.000,DUOX2
ENST00000441068.2,0.838,0.068,0.100,0.096,0.303,0.333,0.064,FMO5
ENST00000587209.1,0.745,11.569,6.604,8.179,7.333,7.727,10.769,PSMC3IP
ENST00000218439.4,4.599,1.125,1.464,1.697,0.000,0.527,1.168,MAGED2
ENST00000380958.3,0.885,0.175,0.000,0.145,0.000,0.505,0.000,PAN3
ENST00000457416.2,6.080,3.937,0.000,3.713,0.000,0.000,0.658,FGFR2
ENST00000562373.1,2.039,0.262,0.548,0.000,0.000,0.000,0.425,NR4A1
ENST00000595618.1,6.760,3.006,4.124,0.000,0.515,0.011,0.605,MYO9B
ENST00000487986.1,8.529,3.666,0.000,0.299,0.192,1.236,0.000,OPA1
ENST00000411462.1,4.311,2.405,0.000,0.000,1.101,0.527,1.763,RAB17
ENST00000450689.2,2.253,0.562,0.279,0.810,0.000,0.000,0.000,KIAA1324L
ENST00000471276.1,2.225,0.669,0.518,0.868,0.788,0.000,0.000,TMEM198B
ENST00000505678.2,5.419,1.746,0.000,0.627,3.363,0.000,0.000,NNT
ENST00000502947.1,1.452,0.029,0.179,0.309,0.000,0.000,0.000,RGS12
ENST00000376392.6,0.698,4.015,5.528,4.871,4.878,7.738,7.190,NME2
ENST00000544525.1,4.069,2.192,1.066,0.000,0.000,0.000,0.000,SEMA3C
ENST00000490286.1,1.462,1.232,0.070,0.357,0.535,0.000,0.000,DPP4
ENST00000544238.1,1.713,0.601,0.159,0.617,0.394,0.204,0.202,NUMA1
ENST00000549832.1,0.279,0.582,0.956,0.347,3.879,5.857,6.638,ERBB3
ENST00000594999.1,10.940,3.704,0.000,2.083,0.000,4.116,0.000,MRPL34
ENST00000542304.1,3.184,0.853,0.000,0.000,1.151,0.000,0.340,WSB2
ENST00000357861.3,1.201,0.543,0.000,0.367,0.000,0.172,0.000,KANSL2
ENST00000531453.2,2.216,0.679,1.444,0.878,0.000,0.000,0.000,RP11-1212A22.4
ENST00000425518.1,4.050,3.413,0.418,0.415,0.000,0.000,0.000,SMARCC1
ENST00000276141.6,1.574,0.184,0.916,0.000,0.000,0.000,0.000,SYTL4
ENST00000422413.1,1.546,0.504,0.657,0.000,0.000,0.000,0.000,DPY30
ENST00000532326.1,0.577,0.165,0.139,0.000,0.141,0.000,0.000,IRF7
ENST00000487053.1,0.801,0.339,0.259,0.000,0.131,0.226,0.000,MIB2
ENST00000414584.1,0.484,6.555,5.209,4.224,3.687,2.719,4.578,LINC00152
ENST00000529919.1,2.067,1.503,0.000,0.000,0.000,0.000,0.000,CTNND1
ENST00000541492.1,5.186,3.278,2.510,0.367,0.000,0.000,0.000,SPECC1L
ENST00000392194.1,0.689,0.136,0.110,0.068,0.333,0.161,0.255,MAP2
ENST00000532601.1,5.372,8.155,59.884,6.616,1074.346,495.509,1029.230,FTH1
ENST00000446957.2,0.019,3.607,0.000,0.058,0.929,0.720,1.572,N4BP2L2
ENST00000538899.1,1.276,0.989,0.000,0.858,0.000,0.000,0.000,RNGTT
ENST00000322914.3,6.434,1.338,2.152,0.000,1.131,1.311,1.349,TMC6
ENST00000169298.3,0.689,0.272,0.090,0.280,0.101,0.011,0.000,ST6GAL1
ENST00000471704.1,10.596,2.240,0.000,0.000,1.566,0.000,3.877,COMMD1
ENST00000410023.1,2.244,0.999,0.349,0.231,1.495,0.000,0.159,IL1R1
ENST00000396549.2,0.121,0.339,0.637,2.508,5.515,1.483,2.145,MFAP5
ENST00000514554.1,0.652,2.725,7.022,7.359,9.090,13.155,15.219,TGFBI
ENST00000538265.1,0.149,1.891,0.000,4.707,0.687,1.720,0.000,ETV4
ENST00000580542.1,1.499,0.281,0.578,0.251,0.687,0.000,0.181,ITGB4
ENST00000478929.1,0.317,0.495,1.494,0.829,2.353,5.288,6.033,KIF20B
ENST00000565647.1,1.778,0.456,0.000,0.000,0.000,0.494,0.000,ABCC6P1
ENST00000579340.1,2.076,1.028,0.000,0.280,0.808,0.548,0.266,STRADA
ENST00000160740.3,1.220,0.310,0.299,0.473,0.172,0.269,0.244,CIC
ENST00000535678.1,4.618,0.989,1.046,1.881,0.000,0.258,0.000,ACSL3
ENST00000575877.1,0.074,1.746,2.669,3.385,1.949,1.601,4.535,ARRB2
ENST00000489634.2,0.326,2.298,2.739,2.450,3.515,5.503,3.165,CSRP2BP
ENST00000558800.1,7.653,48.700,38.538,36.004,36.553,42.784,57.787,EIF5
ENST00000589689.1,1.471,0.349,0.956,0.125,0.000,0.000,0.000,PGS1
ENST00000393913.3,0.251,2.609,2.102,2.893,1.757,2.214,3.600,EVA1A
ENST00000462539.1,2.030,0.708,1.395,0.241,0.000,0.000,0.000,SREBF2
ENST00000520970.1,0.121,0.756,1.464,0.569,2.000,1.204,2.379,BMP1
ENST00000502412.1,1.890,0.126,0.349,0.309,0.960,0.258,0.000,ZFP62
ENST00000480807.1,1.583,13.877,10.827,9.442,13.454,12.327,10.440,SNX8
ENST00000381086.5,9.041,12.733,28.438,35.879,46.351,40.850,136.593,IGFBP3
ENST00000397770.3,1.155,0.320,0.000,0.000,0.000,0.473,0.839,RGS11
ENST00000475474.1,2.402,0.398,0.598,0.984,0.414,0.645,0.000,SEPT2
ENST00000420827.2,0.037,2.201,0.558,0.000,1.313,0.097,0.425,UBA6
ENST00000392382.2,2.374,2.075,0.000,0.000,0.000,0.000,0.000,DLG1
ENST00000556813.1,6.005,4.684,0.000,0.000,0.000,0.000,0.000,PSMC6
ENST00000469269.1,0.261,0.495,1.634,2.093,1.858,1.913,4.312,TGM2
ENST00000429770.1,1.611,0.301,0.249,0.395,0.566,0.430,0.266,CACNA2D2
ENST00000523846.1,1.108,0.785,0.000,0.000,0.000,0.000,0.000,INTS10
ENST00000522310.1,0.307,5.760,6.265,5.083,5.990,5.298,3.908,TATDN1
ENST00000358528.4,0.689,3.743,7.251,7.523,15.231,19.839,32.584,CSDE1
ENST00000370251.3,0.121,0.533,0.000,0.386,1.737,0.570,2.602,ZNF275
ENST00000522509.1,0.382,0.165,0.000,0.174,0.000,0.000,0.000,STAU2
ENST00000417253.3,1.033,0.330,0.000,0.135,0.000,0.129,0.000,HELZ
ENST00000443694.2,1.583,0.388,0.568,0.772,0.000,0.000,0.000,ITPR1
ENST00000513284.1,5.223,1.649,1.175,3.848,0.000,1.182,0.000,RNF4
ENST00000451380.1,3.482,1.387,1.285,1.418,0.343,1.032,0.064,TTC39A
ENST00000488290.1,0.093,0.650,0.528,0.068,1.838,0.860,0.903,MTPAP
ENST00000338806.4,1.006,0.136,0.100,0.309,0.596,0.333,0.106,RGS12
ENST00000448666.1,6.043,2.114,0.000,1.871,0.000,0.000,0.000,MOGS
ENST00000423057.2,0.438,0.058,0.159,0.000,0.051,0.236,0.042,DOCK4
ENST00000373945.1,4.953,2.356,1.046,0.617,0.606,0.591,0.584,EPB41L1
ENST00000463216.1,1.927,0.349,0.199,0.772,0.616,0.140,0.244,TTC3
ENST00000395880.3,0.009,6.963,7.002,3.000,5.434,2.934,3.239,COA1
ENST00000372892.3,2.281,0.543,0.916,0.000,0.414,0.849,0.000,PKIG
ENST00000467772.1,0.493,9.513,5.827,5.025,2.060,3.181,5.077,GCLM
ENST00000422516.1,1.471,0.281,0.717,0.087,0.232,0.000,0.000,NINL
ENST00000536705.1,0.289,3.666,3.038,0.000,0.071,3.697,3.048,NUBPL
ENST00000445658.2,2.691,0.165,0.488,0.434,0.141,1.236,0.138,ERBB2
ENST00000522565.1,4.963,2.453,1.554,0.087,1.303,0.000,2.135,CETN3
ENST00000485462.1,0.270,2.424,1.644,0.000,1.404,4.342,1.922,ADCK3
ENST00000346617.4,0.028,1.319,2.062,0.000,0.000,1.354,1.423,ZFP64
ENST00000461449.1,2.002,0.979,0.000,0.000,0.000,0.000,0.000,DRAM2
ENST00000542928.1,0.419,3.792,3.606,0.019,3.303,5.857,2.135,COPS2
ENST00000590211.1,1.564,7.457,15.300,11.284,28.291,31.382,13.414,CAPNS1
ENST00000250937.3,0.009,1.377,0.478,0.000,0.798,0.000,0.701,DOHH
ENST00000367603.2,1.303,0.465,0.000,0.000,0.000,0.000,1.614,HIVEP2
ENST00000409677.1,3.901,1.086,0.000,0.000,0.000,0.000,0.000,TRIP12
ENST00000598202.1,2.272,0.524,1.932,0.000,0.000,0.000,0.000,SUGP2
ENST00000489723.1,0.950,0.136,0.269,0.154,0.323,0.054,0.159,RP11-331F4.4
ENST00000338051.4,0.624,0.233,0.000,0.000,0.657,0.000,0.000,C5orf24
ENST00000473969.2,5.493,0.708,1.653,2.575,0.000,0.000,0.000,USF1
ENST00000491878.1,12.886,10.153,4.393,2.276,1.465,0.000,0.000,STK24
ENST00000413658.2,1.136,0.359,0.518,0.000,0.000,0.193,0.563,ZNF3
ENST00000357634.3,0.037,0.029,0.468,4.012,0.182,2.063,3.069,SAMD4A
ENST00000550339.1,9.311,0.960,2.271,0.000,0.000,0.645,3.526,NR4A1
ENST00000358939.4,0.736,0.281,0.000,0.405,0.000,0.000,0.096,DPP8
ENST00000393605.3,1.303,0.446,0.000,0.444,0.000,0.000,0.000,ARAP1
ENST00000374648.3,1.052,0.388,0.000,0.106,0.192,0.226,0.000,ZNF248
ENST00000537443.1,0.559,0.175,0.000,0.000,0.000,0.140,0.000,DHCR24
ENST00000409959.3,2.337,0.989,0.867,0.540,0.535,0.107,0.605,KIAA0922
ENST00000401419.3,6.732,1.678,1.016,2.160,0.273,0.333,0.733,MPST
ENST00000382123.1,0.438,0.301,0.000,0.000,0.000,0.000,0.000,IFITM10
ENST00000538536.1,0.773,0.349,0.000,0.000,0.354,0.000,0.223,STARD10
ENST00000541771.1,0.484,0.465,0.000,0.000,0.000,0.000,0.000,TNRC6C
ENST00000393824.3,1.732,0.737,0.428,0.000,0.000,0.688,0.000,CUX1
ENST00000470490.1,13.361,8.301,9.493,0.000,0.000,0.000,0.000,PCNP
ENST00000532265.1,1.778,0.368,0.219,0.000,0.303,0.000,0.871,SERGEF
ENST00000435019.2,0.149,0.999,1.753,0.000,2.323,2.063,3.038,HARS2
ENST00000523547.1,0.531,0.184,0.000,0.000,0.000,0.000,0.000,RAD21
ENST00000558469.1,3.901,4.034,0.767,0.000,0.000,0.000,0.000,CUX1
ENST00000375482.3,0.894,0.194,0.498,0.251,0.182,0.226,0.000,FGD3
ENST00000267853.5,0.456,5.188,4.791,0.000,4.555,5.943,4.949,MYZAP
ENST00000543201.1,0.801,0.310,0.000,0.000,0.000,0.097,0.000,ACACB
ENST00000342101.3,1.061,0.155,0.000,0.000,0.515,0.000,0.319,IFNAR2
ENST00000479421.1,1.276,21.955,14.343,4.687,7.565,2.085,4.291,YWHAB
ENST00000488537.1,4.963,0.465,0.797,0.550,0.990,0.956,2.177,TXNIP
ENST00000473997.1,0.186,2.686,2.440,0.000,4.091,3.697,2.836,CDK5RAP1
ENST00000473076.1,0.698,2.948,10.877,8.034,19.908,35.047,41.633,DHX9
ENST00000429157.2,0.801,0.039,0.239,0.318,0.232,0.000,0.000,HIVEP3
ENST00000569985.1,0.391,0.048,0.000,0.000,0.434,0.000,0.000,PLA2G4F
ENST00000610139.1,1.024,0.368,0.687,0.000,0.000,0.172,0.244,DCAF8
ENST00000370189.5,3.203,1.804,0.000,0.897,0.000,1.634,0.616,SNX7
ENST00000485735.2,6.490,2.337,0.946,0.000,2.050,0.000,3.006,GPR160
ENST00000445951.1,1.620,0.339,0.488,0.000,0.879,0.000,0.244,FAM149B1
ENST00000372008.2,1.462,0.892,0.319,0.000,0.162,0.849,0.000,MAST2
ENST00000170630.2,0.568,2.182,5.638,5.256,6.676,5.481,8.072,IL4R
ENST00000481073.1,0.875,0.339,1.922,1.939,1.424,13.294,27.465,XPO1
ENST00000587252.1,1.276,0.330,0.468,0.000,0.000,0.000,1.030,ZNF581
ENST00000468460.1,0.987,0.252,0.189,0.357,0.283,0.269,0.064,KIF12
ENST00000378520.3,1.406,0.785,0.438,0.000,0.000,0.000,0.977,PREPL
ENST00000356151.2,1.080,0.504,0.010,0.222,0.444,0.000,0.244,PXK
ENST00000418786.2,0.512,0.330,0.000,0.000,0.101,0.000,0.000,UBAP2
ENST00000451613.1,0.857,0.698,0.120,0.164,0.131,0.183,0.000,AASDH
ENST00000575009.1,5.335,4.597,0.737,1.572,0.000,0.398,0.000,SRRM2
ENST00000393976.2,50.529,13.741,14.075,9.076,8.030,24.353,7.583,KRT15
ENST00000309470.9,1.220,1.358,6.474,8.439,12.979,9.200,15.782,CSK
ENST00000537801.1,1.536,0.766,0.000,0.000,0.000,0.484,0.000,RASSF8-AS1
ENST00000360049.4,0.521,0.039,0.139,0.087,0.232,0.000,0.011,NFASC
ENST00000368738.3,7.709,28.859,36.516,46.440,60.703,50.469,115.351,S100A9
ENST00000448464.2,1.871,0.155,0.149,0.434,0.677,0.000,0.255,TP53INP1
ENST00000376234.3,2.086,0.407,0.000,0.000,0.879,0.462,0.690,TMTC4
ENST00000369236.1,0.084,0.960,0.498,1.948,1.020,0.602,0.000,GFRA1
ENST00000561080.1,0.754,0.553,0.070,0.000,0.000,0.204,0.000,SLC12A6
ENST00000587358.1,2.784,0.048,0.687,0.000,0.202,0.000,1.030,FOSB
ENST00000304516.7,0.289,2.201,2.112,2.093,2.606,4.138,3.813,INO80E
ENST00000368331.1,1.844,0.204,0.000,0.665,1.162,0.000,0.000,GON4L
ENST00000540335.1,0.736,0.262,0.000,0.000,0.162,0.000,0.170,LPAR5
ENST00000428984.2,1.667,0.873,0.707,0.000,0.000,0.000,0.000,UBE3A
ENST00000379951.2,0.456,0.126,0.100,0.000,0.232,0.118,0.085,LEF1
ENST00000461539.1,6.787,5.430,3.626,0.000,0.000,0.000,0.000,C9orf78
ENST00000483980.1,2.179,0.359,0.189,0.357,0.000,0.000,0.871,SH3GLB2
ENST00000374397.4,0.112,3.821,1.016,1.244,0.455,0.419,1.158,CREB1
ENST00000392348.2,0.019,8.543,4.323,2.662,6.585,0.000,2.177,BCLAF1
ENST00000531965.1,0.875,0.349,0.000,0.000,0.000,0.000,0.000,IL32
ENST00000393043.1,34.524,28.743,1.873,15.760,0.212,0.247,0.435,CLTC
ENST00000555062.1,2.207,9.242,20.987,19.318,30.271,47.674,51.733,DYNC1H1
ENST00000359461.6,0.689,11.133,8.765,9.539,7.323,6.051,9.293,YIF1A
ENST00000450402.1,4.376,1.144,1.365,0.434,0.000,0.000,1.264,SPSB1
ENST00000582097.1,0.009,5.692,8.995,9.047,8.151,17.185,15.623,KPNB1
ENST00000582154.1,0.885,0.233,0.000,0.203,0.000,0.000,0.000,ARSG
ENST00000444959.1,0.587,0.349,0.090,0.000,0.000,0.107,0.000,CDADC1
ENST00000447062.2,2.998,0.339,0.259,0.502,1.182,0.828,0.690,WDTC1
ENST00000288344.10,2.775,6.061,12.610,8.198,24.140,17.357,33.476,HMGN1
ENST00000300260.7,5.605,0.116,0.000,1.215,0.000,0.709,5.098,C21orf59
ENST00000395006.4,9.730,2.899,1.793,0.000,0.000,2.741,2.283,TMBIM6
ENST00000562743.1,0.177,4.364,3.267,4.871,2.697,0.000,1.062,USP10
ENST00000381975.3,2.542,0.621,0.000,0.000,0.000,0.000,1.582,TMEM44
ENST00000498385.1,26.498,73.729,104.637,66.510,325.101,174.222,426.739,MIF
ENST00000439058.1,5.214,2.880,1.205,1.312,0.646,0.559,1.487,AC005083.1
ENST00000490487.1,0.028,2.851,1.484,4.398,5.030,3.794,5.512,AP5Z1
ENST00000547230.1,0.326,2.463,3.078,1.746,2.677,6.491,7.519,CACNB3
ENST00000562237.1,1.927,11.928,13.527,10.358,14.494,12.241,20.222,CIRH1A
ENST00000242729.2,2.812,0.446,0.199,1.254,0.495,1.354,0.000,SSPN
ENST00000404816.2,4.348,0.960,0.309,2.189,0.000,0.548,0.297,LTBP1
ENST00000366525.3,2.691,4.674,9.702,6.886,23.433,15.379,42.791,HNRNPU
ENST00000524411.1,3.492,2.589,0.000,0.000,1.555,0.000,0.000,AASDHPPT
ENST00000447450.1,0.615,0.252,0.000,0.000,0.152,0.000,0.000,VWA7
ENST00000464764.1,0.810,0.048,0.199,0.521,0.000,0.097,0.287,CLCNKA
ENST00000433831.1,0.698,2.754,4.074,3.192,6.141,6.405,7.944,MED15
ENST00000427381.2,0.652,0.262,0.000,0.000,0.101,0.000,0.000,FAM154B
ENST00000325333.5,6.899,3.452,2.301,2.141,0.495,1.376,0.393,ZNF580
ENST00000257430.4,0.112,2.870,0.896,0.868,2.838,2.397,1.041,APC
ENST00000515666.1,0.354,2.599,2.819,3.308,3.323,4.815,1.349,GRK6
ENST00000455551.2,0.382,0.291,0.000,0.068,0.000,0.000,0.000,SEMA4D
ENST00000301165.5,3.277,2.347,0.647,0.000,0.384,1.440,0.000,C19orf55
ENST00000405348.1,2.486,12.316,23.179,12.924,19.019,23.719,34.454,CAV1
ENST00000554394.1,3.464,3.084,0.976,0.000,0.000,0.000,0.000,NUMB
ENST00000449470.2,0.438,9.193,6.415,5.141,8.636,6.362,8.698,RPL9
ENST00000367315.2,1.480,0.378,0.189,0.000,0.465,0.000,0.000,TNNT2
ENST00000513685.1,3.855,4.170,0.428,0.260,0.000,0.000,0.000,ITGA2
ENST00000486909.1,2.747,1.193,0.000,0.000,0.000,0.763,0.000,HYI
ENST00000265607.6,0.298,2.822,1.763,1.100,3.192,2.719,1.954,RNGTT
ENST00000355219.3,0.670,0.010,0.000,0.183,0.141,0.140,0.382,CECR2
ENST00000569686.1,8.296,8.398,0.000,0.000,0.960,2.687,0.000,TRAF7
ENST00000290573.2,0.810,6.100,5.797,5.305,3.050,3.697,4.546,HK2
ENST00000354437.4,0.549,0.407,0.000,0.000,0.263,0.000,0.000,TP73
ENST00000392400.1,0.009,0.262,0.548,0.357,0.586,1.268,0.000,TNK2
ENST00000337225.5,2.635,0.213,0.169,0.964,0.000,0.247,0.000,CXCL14
ENST00000418539.1,0.121,1.164,0.817,0.810,0.889,1.064,1.381,BCYRN1
ENST00000373276.3,0.838,0.097,0.000,0.241,0.131,0.000,0.382,SH2D3C
ENST00000395308.1,0.298,8.805,3.775,3.077,0.000,0.000,0.000,KTN1
ENST00000361831.5,1.015,0.184,0.139,0.260,0.000,0.226,0.489,YY1AP1
ENST00000537854.1,2.467,0.058,0.000,1.765,0.000,0.000,0.000,MPHOSPH9
ENST00000368011.4,2.290,1.445,0.757,0.251,0.354,0.462,0.000,KLHDC9
ENST00000409154.4,2.681,1.396,1.116,0.000,1.434,0.000,0.000,KIAA1107
ENST00000337354.4,0.661,4.170,5.827,2.238,6.535,4.159,7.891,SEC13
ENST00000434623.2,0.596,0.339,0.169,0.193,0.071,0.054,0.096,AKAP2
ENST00000547008.1,2.905,0.398,0.618,1.071,0.000,1.032,0.839,LETMD1
ENST00000528839.1,0.512,4.897,7.241,1.775,4.212,5.255,6.118,EIF4G2
ENST00000511118.1,1.750,15.613,10.887,5.932,11.413,9.210,15.124,TMEM167A
ENST00000491447.1,9.534,7.438,1.355,1.138,1.182,0.118,0.000,RRM2
ENST00000373981.1,1.462,0.359,0.000,0.000,0.667,0.000,0.520,ZMYM3
ENST00000527171.1,0.847,0.330,0.179,0.174,0.162,0.000,0.000,ZNF215
ENST00000515856.2,1.136,0.291,0.279,0.405,0.313,0.290,0.000,PCDHB14
ENST00000391958.2,1.890,0.553,0.339,0.424,0.949,0.312,0.446,ZNF233
ENST00000587283.1,0.633,0.766,0.000,0.000,0.000,0.000,0.000,PPP6R1
ENST00000395462.4,2.979,1.125,0.428,0.068,0.000,0.000,0.000,DALRD3
ENST00000452874.2,3.287,1.028,0.129,3.530,0.000,0.000,0.000,MIR3916
ENST00000373340.2,1.611,0.592,0.000,0.289,0.000,0.000,0.000,ZMYM6
ENST00000252487.5,4.087,18.745,15.967,28.491,33.665,33.424,35.601,TOMM40
ENST00000545284.1,3.147,2.628,0.000,2.112,0.000,0.000,0.000,COPA
ENST00000308182.5,0.866,4.500,7.301,1.813,4.757,8.942,8.953,AIM1L
ENST00000370785.3,0.829,0.378,0.090,0.000,0.000,0.000,0.446,FAM122C
ENST00000511778.1,0.428,0.533,7.510,2.160,6.737,9.748,18.682,DROSHA
ENST00000453085.1,2.989,0.640,1.046,0.174,0.677,0.537,0.372,PNPLA8
ENST00000528238.1,3.315,1.445,0.687,1.157,0.545,0.000,0.000,NASP
ENST00000337910.5,1.322,0.698,0.269,0.000,0.000,0.000,0.404,RHOBTB1
ENST00000449576.2,0.875,0.242,0.000,0.000,0.000,0.000,0.000,LPIN1
ENST00000334461.7,1.155,0.330,0.000,0.974,0.000,0.161,0.000,C17orf58
ENST00000529413.1,0.503,0.107,0.000,0.000,0.000,0.054,0.000,VAV3
ENST00000575288.1,0.652,7.748,5.468,6.674,4.606,3.643,6.043,PITPNA
ENST00000579649.1,3.845,68.065,73.440,36.814,50.401,59.238,56.300,RPL36
ENST00000436615.3,3.287,0.165,0.498,0.598,1.454,0.752,1.158,RAPGEFL1
ENST00000477452.1,0.745,0.194,0.000,0.000,0.000,0.000,0.000,NAA16
ENST00000250144.8,1.713,0.465,0.438,0.087,0.000,0.000,0.000,MMP28
ENST00000543117.1,1.415,4.790,6.753,3.125,18.766,18.206,21.804,TAX1BP1
ENST00000594553.1,4.022,0.640,1.634,0.000,0.000,0.000,0.000,SIPA1L3
ENST00000574623.1,0.261,1.794,2.839,4.311,3.192,3.643,4.323,METTL16
ENST00000317018.6,8.668,2.967,3.825,0.000,1.263,2.042,0.818,ISYNA1
ENST00000502590.1,3.519,0.873,0.000,0.000,2.606,0.000,0.924,ADH5
ENST00000504133.1,0.391,4.926,7.998,2.749,2.677,8.007,14.264,DROSHA
ENST00000490099.1,0.708,0.301,0.000,0.000,0.000,0.000,0.000,TMEM39A
ENST00000381831.3,0.410,0.194,0.000,0.424,0.000,0.000,0.000,GART
ENST00000503479.2,0.009,1.571,0.657,0.415,0.646,0.634,0.616,POLK
ENST00000404169.3,2.132,0.495,0.488,1.254,0.000,0.215,0.000,CAMKK2
ENST00000283558.8,1.844,1.086,0.000,0.000,0.000,0.000,0.000,ATP11A
ENST00000533679.1,0.633,0.155,0.000,0.000,0.000,0.161,0.000,MROH6
ENST00000502656.1,3.296,1.668,0.000,1.900,0.000,0.000,0.000,GAK
ENST00000505379.1,0.726,0.136,0.000,0.000,0.000,0.000,0.000,LEF1
ENST00000402003.3,0.987,0.194,0.000,0.260,0.677,0.021,0.244,YPEL5
ENST00000495836.1,0.261,1.668,1.116,1.775,3.151,2.139,6.903,AAK1
ENST00000473610.1,0.493,0.155,0.199,0.000,0.000,0.000,0.096,KCNH2
ENST00000472410.1,0.121,2.473,0.936,0.000,1.303,0.699,2.783,MAP3K6
ENST00000555242.1,7.579,1.038,1.584,1.109,3.172,0.602,1.391,FOS
ENST00000518389.1,0.056,3.491,3.297,2.411,1.677,0.118,1.699,MAK16
ENST00000428331.2,1.071,1.542,1.932,3.896,7.848,8.705,12.607,ATP2C1
ENST00000435287.1,3.361,0.165,0.000,0.781,0.485,0.000,0.191,RP11-69I8.3
ENST00000543706.1,1.015,3.413,4.283,5.690,5.373,10.210,11.704,CCAR1
ENST00000564247.1,1.266,0.310,0.000,0.154,0.000,0.000,0.000,CMTM3
ENST00000536277.1,0.512,0.107,0.209,0.183,0.061,0.097,0.000,RGL1
ENST00000307364.6,0.382,0.116,0.000,0.000,0.000,0.140,0.138,SLC26A6
ENST00000578840.1,1.406,0.301,0.159,0.000,1.192,0.032,0.000,SCRN2
ENST00000464916.1,0.019,1.222,1.823,1.341,2.323,3.579,3.781,COL1A2
ENST00000533186.1,3.715,5.101,669.939,30.979,1823.359,1451.965,1782.811,RPS2
ENST00000359930.4,3.017,1.125,1.414,1.119,0.313,0.376,0.414,SULF2
ENST00000573992.1,0.447,1.251,3.925,3.607,3.101,4.073,4.747,EDC4
ENST00000586643.1,0.019,0.204,0.458,0.434,1.778,0.505,1.912,FMNL1
ENST00000349663.6,1.825,1.047,0.239,0.463,0.000,0.000,0.000,KDM5C
ENST00000270570.4,0.615,0.194,0.080,0.135,0.253,0.150,0.000,SLC47A1
ENST00000535576.1,1.574,0.485,0.139,0.000,0.253,0.613,0.414,GABARAPL1
ENST00000551743.1,0.009,0.039,2.331,2.045,2.091,2.246,2.262,PACS2
ENST00000543906.1,0.438,0.272,0.249,0.000,0.000,0.000,0.000,RAB6B
ENST00000515006.1,8.203,6.672,1.902,0.473,0.000,1.623,0.000,COPB2
ENST00000586484.1,1.024,0.310,0.000,0.000,0.000,0.000,0.000,BCAS3
ENST00000585043.1,1.555,0.941,0.000,0.907,0.000,0.000,0.000,WIPF2
ENST00000234668.6,2.765,0.592,0.966,1.157,0.556,0.570,0.053,SYDE2
ENST00000529011.1,7.160,4.306,3.247,0.000,0.010,0.000,0.000,TRIM29
ENST00000456435.1,0.121,0.999,0.837,0.347,0.525,1.451,0.871,INTS3
ENST00000406164.1,1.303,0.349,0.309,0.000,0.273,0.645,0.000,NMNAT3
ENST00000368258.3,4.935,9.164,32.004,11.497,38.018,54.961,63.129,CCT3
ENST00000543464.2,7.290,3.792,1.454,2.334,2.394,0.000,0.000,CPD
ENST00000413995.1,0.521,7.283,7.979,6.558,15.565,14.616,10.451,MRPL32
ENST00000441530.2,1.266,0.446,0.199,0.000,0.000,0.322,0.000,FAM98A
ENST00000467857.1,0.149,9.271,6.634,3.279,12.282,7.319,9.187,NOP56
ENST00000372886.1,0.084,1.493,2.062,0.154,4.990,2.741,2.347,PKIG
ENST00000486173.1,4.134,1.212,1.335,1.157,0.768,0.204,0.000,PTPN14
ENST00000494568.1,2.914,0.650,0.229,0.000,0.687,0.000,1.806,PLSCR1
ENST00000557666.1,1.546,0.873,0.000,0.000,0.000,0.000,0.000,BAG5
ENST00000449350.2,0.615,0.039,0.149,0.000,0.232,0.183,0.000,RP11-407B7.1
ENST00000401547.2,1.117,9.106,8.646,9.597,10.181,11.263,13.711,SUV420H1
ENST00000534936.1,1.369,0.126,0.179,0.559,0.485,0.000,0.000,FAM161B
ENST00000427969.1,1.555,0.446,0.000,0.000,0.000,0.000,0.000,SUN1
ENST00000390679.3,0.763,0.776,0.000,0.125,0.000,0.000,0.000,SBF1
ENST00000262178.2,0.577,0.078,0.010,0.328,0.051,0.064,0.011,VIPR2
ENST00000455193.1,1.303,2.298,6.793,5.681,6.272,12.144,29.515,LAMB3
ENST00000347967.5,2.570,0.301,0.169,1.013,0.576,0.000,0.000,MAPT
ENST00000308736.2,0.130,2.153,10.618,0.386,12.625,0.000,0.053,DHX37
ENST00000445756.1,2.039,0.475,0.000,0.781,0.030,0.000,0.382,CTD-2547E10.2
ENST00000393434.2,1.015,0.301,0.000,0.000,0.000,0.000,0.000,ALDH1L1
ENST00000367352.3,1.359,0.592,0.000,0.000,0.000,0.000,0.000,ZNF281
ENST00000497841.1,2.402,0.747,1.036,0.415,0.000,0.000,0.000,CFB
ENST00000519560.1,1.825,0.194,0.379,0.617,0.333,0.408,0.350,SLIT3
ENST00000484711.1,0.065,0.504,0.757,0.588,0.475,0.645,2.007,TTLL12
ENST00000484099.1,0.270,1.658,1.873,0.000,3.404,1.526,3.303,FAM213B
ENST00000486942.1,1.015,5.275,6.066,2.122,13.080,14.068,21.125,OSBPL9
ENST00000467570.1,0.019,1.164,0.129,0.000,0.747,0.527,0.223,PHC3
ENST00000490141.1,0.009,1.474,0.528,0.029,1.313,0.000,0.000,CEP350
ENST00000588171.1,1.266,0.252,0.448,0.000,0.000,0.118,0.000,GMIP
ENST00000338042.6,2.672,2.250,0.229,0.000,0.000,0.000,0.000,MEF2A
ENST00000261834.5,2.132,0.669,0.448,1.119,0.222,0.247,0.266,ATG2B
ENST00000515616.1,1.201,0.184,0.000,0.000,0.000,0.441,0.000,CCRN4L
ENST00000397267.1,1.704,0.611,0.896,0.000,0.000,0.000,0.000,SLC22A17
ENST00000550391.1,2.346,0.514,0.000,0.000,0.879,0.559,0.000,CACNB3
ENST00000531133.1,10.977,1.377,2.650,1.842,5.000,2.741,0.818,SERPING1
ENST00000409709.3,1.359,0.301,0.289,0.424,0.283,0.634,0.202,MYO7A
ENST00000513602.1,1.080,0.737,0.000,0.000,0.242,0.000,0.000,FAM117A
ENST00000374176.4,0.037,0.310,0.000,0.116,0.354,2.719,1.168,MAPK8
ENST00000449762.2,0.140,1.125,0.966,0.878,1.111,0.645,2.241,OXR1
ENST00000429557.3,2.216,0.204,0.000,0.000,0.879,1.386,0.000,RFNG
ENST00000450824.2,3.501,1.765,0.120,2.334,0.495,0.215,0.011,AZI1
ENST00000379367.3,0.745,0.242,0.000,0.260,0.162,0.000,0.212,NAA16
ENST00000311890.9,0.503,0.068,0.040,0.068,0.162,0.075,0.181,HSPB7
ENST00000526014.1,2.477,1.396,0.000,0.868,0.394,0.666,0.000,FXYD6
ENST00000371757.2,0.810,0.116,0.179,0.608,0.192,0.107,0.000,KCNT1
ENST00000425234.2,0.438,0.097,0.000,0.116,0.131,0.011,0.000,BTN3A1
ENST00000188376.5,0.763,5.692,5.229,3.125,4.333,5.105,5.778,SLC25A3
ENST00000398633.3,1.322,0.524,0.149,0.000,0.404,0.591,0.000,TMEM249
ENST00000592792.1,1.927,1.571,0.090,0.000,0.000,0.000,0.000,ZNF252P
ENST00000359803.3,0.223,1.435,1.534,1.697,4.171,1.730,4.503,MDK
ENST00000473471.1,1.667,1.164,0.000,0.000,0.020,0.000,0.000,MTOR
ENST00000401621.2,0.428,0.213,0.239,0.000,0.000,0.000,0.000,TTC18
ENST00000593561.1,1.210,0.281,0.219,0.000,0.000,0.000,0.000,DEDD2
ENST00000426543.2,1.173,0.465,0.000,0.000,0.556,0.408,0.372,CCDC19
ENST00000496343.1,0.428,0.048,0.000,0.068,0.051,0.129,0.074,SGK2
ENST00000603795.1,0.903,0.029,0.139,0.000,0.364,0.000,0.000,DUSP22
ENST00000606915.1,0.838,0.107,0.388,0.328,0.000,0.075,0.000,RP11-244K5.8
ENST00000518153.1,0.223,0.378,7.241,2.527,7.212,2.676,13.021,FAM127B
ENST00000474957.1,0.279,0.087,0.000,0.000,0.172,0.075,0.085,TTLL7
ENST00000431567.1,1.080,0.689,0.189,0.000,0.101,0.645,0.000,PROM2
ENST00000510483.1,0.912,0.388,0.000,0.000,0.000,0.000,0.149,ZNF451
ENST00000301897.4,0.736,0.155,0.159,0.096,0.404,0.344,0.000,CCDC88B
ENST00000447480.1,3.780,0.194,0.000,3.347,2.262,0.000,0.000,TRIM4
