ENST00000436007.2,8.248,0.137,TECR
ENST00000333775.5,13.687,0.859,LSMD1
ENST00000593678.1,9.229,0.079,GTF2F1
ENST00000294740.3,0.178,2.454,ZNF281
ENST00000469176.1,20.955,0.680,NDUFS6
ENST00000361681.2,367093.767,1262.411,MT-ND6
ENST00000246024.2,9.764,0.668,TMX4
ENST00000529898.1,30.942,0.612,CTR9
ENST00000497142.1,19.885,0.197,HYPK
ENST00000333677.6,0.178,3.257,ARHGEF37
ENST00000507035.1,8.649,0.213,CTC-276P9.1
ENST00000361789.2,362654.864,1346.499,MT-CYB
ENST00000368222.3,18.770,115.258,CRABP2
ENST00000222553.3,3.611,47.187,NAMPT
ENST00000390597.2,53.724,0.072,IGHV2-5
ENST00000595125.1,12.796,0.049,ATF5
ENST00000376228.5,11.592,51.689,HLA-C
ENST00000381913.4,0.357,3.385,TRPV3
ENST00000304414.7,3.032,15.609,ARL6IP1
ENST00000274031.3,0.446,2.914,SETD7
ENST00000390551.2,224.928,7.155,IGHG3
ENST00000393164.2,5.172,0.289,ATP2B1
ENST00000533673.1,20.108,0.251,CHST1
ENST00000330722.6,355.248,1228.136,KRT6A
ENST00000296411.6,0.803,4.966,METAP1
ENST00000216373.5,0.178,2.059,SOS2
ENST00000476918.1,30.139,2.155,HES1
ENST00000324501.5,0.312,2.339,PSEN1
ENST00000589960.1,94.340,0.229,UBL5
ENST00000357866.4,732.208,0.327,ARL6IP4
ENST00000371554.1,7.668,0.130,HSP90AB1
ENST00000243326.5,0.134,1.368,RIF1
ENST00000425611.2,0.803,8.333,NABP1
ENST00000371095.3,43.158,0.476,GNAS
ENST00000540900.3,13.108,0.612,NSRP1
ENST00000373115.4,0.134,1.009,CHST3
ENST00000297477.5,0.713,2.508,TMEM184A
ENST00000452185.1,3.611,12.522,POLD2
ENST00000446041.2,0.580,3.874,SLC25A36
ENST00000367090.3,0.312,1.877,TMEM181
ENST00000256720.2,0.223,1.613,LPIN1
ENST00000595379.1,128.358,0.164,PAF1
ENST00000376016.3,1.204,5.527,YME1L1
ENST00000456923.1,0.223,7.361,FN1
ENST00000533540.1,10.700,66.106,HSPA8
ENST00000418146.1,189.037,0.090,EIF2B4
ENST00000552760.1,16.006,0.830,PWP1
ENST00000303319.5,8.694,30.295,MMADHC
ENST00000482822.2,83.596,0.933,RSRC1
ENST00000602230.1,107.002,0.249,BRD4
ENST00000557457.1,0.580,36.641,AHNAK2
ENST00000316967.6,9.140,0.067,AC103965.1
ENST00000375820.4,1.427,10.219,COL4A1
ENST00000242209.4,0.758,5.518,FKBP9
ENST00000216044.5,0.178,1.684,GTPBP1
ENST00000390539.2,54.304,0.215,IGHA2
ENST00000418574.3,18.012,0.027,RP11-69C13.1
ENST00000381125.4,0.892,10.401,PFKP
ENST00000465705.1,15.426,0.072,TMCO1
ENST00000416618.1,198.578,1.949,THOC2
ENST00000383925.1,827.083,24.726,RNU1-1
ENST00000196061.4,1.204,6.673,PLOD1
ENST00000296255.3,6.866,24.204,RPN1
ENST00000476241.1,205.043,0.426,HNRNPU
ENST00000323853.5,0.268,3.115,SNRNP200
ENST00000366687.1,0.178,1.732,CCSAP
ENST00000303052.7,0.089,0.859,CSNK1G1
ENST00000390312.2,241.424,2.452,IGLV2-14
ENST00000439958.3,0.580,3.098,CPSF7
ENST00000534792.1,48.820,3.192,BCLAF1
ENST00000427358.2,0.580,4.661,FAHD1
ENST00000361371.5,0.223,1.247,LTN1
ENST00000476522.1,1970.983,10.501,PRRC2C
ENST00000378743.3,41.285,0.682,ZFC3H1
ENST00000483564.1,0.312,4.670,GABRE
ENST00000409051.2,2.898,0.065,IMMT
ENST00000411591.1,7.802,0.238,PCYT1A
ENST00000509443.1,22.604,0.247,NDUFS4
ENST00000555181.1,0.803,4.562,GSKIP
ENST00000456586.1,1836.873,212.808,RPL37A
ENST00000460450.1,0.401,2.478,TTL
ENST00000374866.3,0.357,6.543,COL5A2
ENST00000601655.1,213.871,7.832,RPS16
ENST00000335508.6,0.847,7.720,SF3B1
ENST00000222374.2,0.847,5.426,CADM4
ENST00000515524.1,115.295,1.252,NSA2
ENST00000336180.2,0.758,5.388,LIMK1
ENST00000372731.4,1.293,4.504,SPTAN1
ENST00000570778.1,1.070,12.168,METRNL
ENST00000526608.1,12.261,49.589,RPS3
ENST00000368300.4,9.407,26.263,LMNA
ENST00000319170.5,0.089,1.148,RAPH1
ENST00000538155.1,41.419,3.019,ASUN
ENST00000565777.1,13.999,0.576,MAZ
ENST00000005260.8,2.898,9.476,BAIAP2L1
ENST00000334047.7,0.803,7.377,F3
ENST00000356766.6,1.159,0.009,PIWIL2
ENST00000311111.6,587.710,16.815,RPL38
ENST00000476873.1,240.755,0.570,S100A14
ENST00000366535.3,1.293,7.747,ADSS
ENST00000487688.1,22607.540,0.781,BRD9
ENST00000013125.4,0.223,4.080,MAP4K5
ENST00000554401.1,3947.717,8.202,HSP90AA1
ENST00000540286.1,2.675,11.399,CCT6A
ENST00000370765.6,0.446,9.079,DST
ENST00000228928.7,0.446,3.555,OAS3
ENST00000371146.1,0.312,2.380,USP1
ENST00000382361.3,5.841,36.908,FSCN1
ENST00000539276.2,1.516,11.121,ATP2A2
ENST00000423859.1,12.662,0.117,RANBP1
ENST00000357066.3,0.535,2.918,MOB3A
ENST00000252252.3,35.578,373.836,KRT6B
ENST00000333611.4,2.630,0.132,LIMK2
ENST00000546109.1,35.489,1.018,ZCCHC17
ENST00000320619.6,5.439,0.294,ZNRF1
ENST00000581497.1,18.904,0.408,SRSF1
ENST00000265094.5,0.223,1.572,FBXW11
ENST00000378720.3,1.650,16.903,ESD
ENST00000310454.6,1.427,5.114,GPD2
ENST00000368533.3,4.815,0.339,TPM3
ENST00000427371.1,13.509,0.215,UBE2E2
ENST00000396789.4,0.446,6.987,LTB4R
ENST00000498711.1,0.669,9.216,CLTC
ENST00000297338.2,5.395,26.662,RAD21
ENST00000587271.1,88.589,1.014,AC092299.7
ENST00000272298.7,27.509,75.107,CALM2
ENST00000437545.1,0.223,2.055,MAP4K3
ENST00000225576.3,81.099,0.630,TVP23C
ENST00000356956.1,1.204,4.719,IGF2R
ENST00000395956.3,11.993,0.348,YWHAZ
ENST00000554052.1,48.240,3.719,FAM177A1
ENST00000332859.6,1.783,8.144,SUMO3
ENST00000367408.1,0.223,1.895,ASPM
ENST00000517940.1,7.668,0.186,AP3B1
ENST00000395748.3,0.089,20.218,AREG
ENST00000519077.3,0.624,5.488,TUG1
ENST00000262394.2,1.382,7.904,WSB1
ENST00000539839.1,0.134,1.548,FZD10
ENST00000529460.1,2.185,25.029,ATP5L
ENST00000344034.4,5.216,0.141,PPM1G
ENST00000285968.6,0.268,1.799,NUP205
ENST00000412788.1,3.478,11.201,H19
ENST00000510207.1,142.179,4.257,AIMP1
ENST00000543908.1,7.356,0.170,NMT1
ENST00000382771.4,7.713,26.364,SERPINB5
ENST00000362079.2,811932.391,3722.519,MT-CO3
ENST00000466448.1,16.808,0.218,SRSF4
ENST00000343629.6,1.070,4.596,TLDC1
ENST00000257836.3,64.558,6.377,PRRG4
ENST00000338366.5,96.882,5.112,TAF13
ENST00000395686.3,0.669,18.468,ERO1L
ENST00000272139.4,199.649,5.843,C1orf35
ENST00000374720.3,0.713,4.179,SLC44A1
ENST00000237853.4,1.560,6.924,ELL2
ENST00000390295.2,34.553,0.070,IGLV7-46
ENST00000260102.4,4.369,18.782,MRPL15
ENST00000409727.1,10.656,0.653,CHMP3
ENST00000216039.5,0.892,4.627,JOSD1
ENST00000258341.4,0.981,5.340,LAMC1
ENST00000374695.3,0.089,1.070,HSPG2
ENST00000584655.1,3.165,0.148,RFFL
ENST00000360612.4,1.159,7.839,PIM3
ENST00000457297.1,2.006,0.013,ANK1
ENST00000358708.3,11.012,0.336,RPS2P5
ENST00000239457.5,2.185,0.079,DARS2
ENST00000512589.1,19.127,0.341,LARP7
ENST00000307714.8,6.866,0.393,KHDRBS1
ENST00000462668.1,1.650,5.266,SMC4
ENST00000378505.2,12.573,0.036,RPGR
ENST00000537768.1,37.852,0.076,BCL11A
ENST00000345254.4,0.803,4.165,SEC24C
ENST00000295030.5,0.223,1.693,PEX13
ENST00000517756.1,22.515,0.269,ENY2
ENST00000539737.2,28.668,0.029,USB1
ENST00000261438.5,0.847,5.767,KLF3
ENST00000269321.7,3.210,35.248,ARHGDIA
ENST00000544079.1,2.140,15.613,CCT4
ENST00000264221.2,1.159,6.085,PAICS
ENST00000282007.3,56.488,0.554,ZC3H13
ENST00000264258.3,134.823,7.819,RPL31
ENST00000266088.4,0.178,1.348,SLC5A1
ENST00000447750.2,1.248,9.692,GDI1
ENST00000263238.2,2.898,8.478,ACTR3
ENST00000456762.2,653.205,1.453,ARL6IP4
ENST00000301180.5,0.178,2.469,DIP2B
ENST00000465261.2,2.541,0.112,LMO7
ENST00000485767.1,148.020,0.222,GSN
ENST00000518639.1,38.030,0.480,RP11-158K1.3
ENST00000303562.4,2.720,42.981,FOS
ENST00000470074.1,0.446,2.070,TANC1
ENST00000367658.2,0.312,2.469,HECA
ENST00000502297.1,0.223,1.835,KIF13A
ENST00000285814.4,1.873,9.992,MKI67IP
ENST00000577684.1,23.318,0.128,RP1-37N7.3
ENST00000217971.7,2.898,12.078,PGRMC1
ENST00000543959.1,2.363,24.150,MRPL51
ENST00000536441.1,0.312,5.829,SESN3
ENST00000334914.7,12.796,0.408,KMT2E
ENST00000250457.3,0.669,12.168,EGLN3
ENST00000393292.3,32.101,1.379,ISY1
ENST00000206451.6,13.999,40.934,PSME1
ENST00000401558.2,2.497,7.509,XPO1
ENST00000216129.6,1.783,6.058,TTLL12
ENST00000448116.2,0.847,5.183,SHC1
ENST00000438704.2,282.219,23.127,HMGB2
ENST00000285737.4,0.580,2.357,LONP2
ENST00000295688.3,7.535,21.557,CCT3
ENST00000330838.6,12.305,0.554,ANKRD17
ENST00000418359.3,1.204,4.694,CNOT2
ENST00000485569.1,89.882,2.932,SEPT7
ENST00000373241.4,1.204,4.905,SAR1A
ENST00000209875.4,0.268,1.720,CBX5
ENST00000368453.4,1.605,8.721,SHC1
ENST00000434651.2,5.172,0.220,HLA-DQB1
ENST00000580625.1,23011.207,126.188,RN7SL1
ENST00000390598.2,38.521,0.166,IGHV3-7
ENST00000332707.5,1.427,4.753,XPOT
ENST00000309428.5,0.446,3.308,FAM134C
ENST00000565464.1,8.560,0.265,UQCRC2
ENST00000585577.1,58.628,0.395,TAF15
ENST00000296129.1,0.981,7.426,CDCP1
ENST00000523251.1,5.395,0.132,TMPRSS4
ENST00000400066.3,0.490,12.383,GJB6
ENST00000322244.5,0.669,3.241,UBA6
ENST00000369202.1,1.873,0.072,NBPF20
ENST00000287844.2,0.268,3.636,ABCF2
ENST00000368653.3,0.401,1.799,MKI67
ENST00000373264.4,1.115,5.282,CDK9
ENST00000472396.1,12.350,0.099,UBE2H
ENST00000561086.1,1.783,10.039,IQGAP1
ENST00000602520.1,91.844,6.657,SNHG8
ENST00000609205.1,256.850,0.135,MSN
ENST00000396859.1,7.758,195.542,GAPDH
ENST00000352904.1,1.159,10.387,FGFR3
ENST00000302754.4,7.713,27.640,JUNB
ENST00000554215.1,0.089,4.232,DCAF5
ENST00000380516.2,0.713,3.636,SLTM
ENST00000425485.1,56.890,1.225,DYNC1I2
ENST00000289371.6,1052.502,13.182,EIF5B
ENST00000393981.3,1.382,6.424,KRT15
ENST00000390615.2,115.027,0.200,IGHV3-33
ENST00000448155.2,247.443,4.084,IGKV1D-39
ENST00000475696.1,6.866,0.096,STK16
ENST00000492372.1,331.752,5.347,DKC1
ENST00000392882.2,1.560,6.002,WARS
ENST00000507915.1,7.713,0.155,ANKRD13D
ENST00000229769.2,0.713,5.094,FANCE
ENST00000344548.3,1.650,17.762,CDC42
ENST00000400061.1,11.057,0.386,LYPLA2
ENST00000264039.2,5.439,25.437,GPC1
ENST00000334828.5,12.573,41.714,PGAM1
ENST00000216446.4,1.248,9.999,PLEK2
ENST00000526049.1,0.134,6.431,VIMP
ENST00000574201.1,481.867,0.460,GPS2
ENST00000400198.3,212.533,1.794,ARGLU1
ENST00000530019.1,555.966,0.112,FTH1
ENST00000361675.2,110.480,3.109,CALD1
ENST00000266085.6,0.580,3.216,TIMP3
ENST00000371933.3,0.357,1.714,EFCAB14
ENST00000588991.2,5.038,36.730,GPI
ENST00000361453.3,611159.693,1134.599,MT-ND2
ENST00000225719.4,0.089,2.032,CPD
ENST00000413716.2,0.134,1.489,CCDC88A
ENST00000358675.2,2.095,8.447,ENAH
ENST00000314028.6,0.357,3.660,CSNK1D
ENST00000358901.6,1.159,13.031,VCP
ENST00000390619.2,28.579,0.397,IGHV4-39
ENST00000424732.1,11.726,0.691,HP1BP3
ENST00000457199.2,1.159,12.484,CHORDC1
ENST00000560410.1,6.153,29.293,PSME2
ENST00000267115.5,7.000,21.548,TMBIM6
ENST00000311601.5,0.223,1.875,SH3PXD2B
ENST00000587171.1,100.983,1.119,H3F3B
ENST00000322213.4,0.936,2.956,SMC1A
ENST00000343882.6,0.580,2.869,FOXO3
ENST00000268758.9,0.758,5.257,PIGS
ENST00000272542.3,1.025,5.349,SLC20A1
ENST00000426263.3,1.739,54.692,SLC2A1
ENST00000326793.6,0.134,2.207,ACAP2
ENST00000409185.1,1.159,5.670,FAM168B
ENST00000417689.1,6.554,0.079,CES2
ENST00000317840.5,0.268,15.864,COL3A1
ENST00000452588.2,9.363,0.244,ZC3H18
ENST00000345382.2,0.178,4.941,BNC1
ENST00000368547.3,2.318,10.140,ECHS1
ENST00000478753.2,5.662,0.029,SEPHS2
ENST00000373362.3,2.274,8.521,GJB3
ENST00000515763.1,138.256,5.040,COX7C
ENST00000269349.3,3.611,12.863,EIF4A3
ENST00000219069.5,0.312,1.808,ZNF263
ENST00000532872.1,178.828,611.345,RPS3
ENST00000397276.2,0.669,3.874,PABPN1
ENST00000295024.6,1.159,3.609,WDR26
ENST00000463653.1,9.809,0.047,CAPN10
ENST00000389857.6,0.134,1.723,CCDC88C
ENST00000463370.1,0.401,3.259,VAPB
ENST00000298875.4,0.223,4.479,CPSF2
ENST00000393073.4,62.151,0.805,PTMAP5
ENST00000438274.3,5.439,0.157,BECN1
ENST00000379370.2,1.382,5.139,AGRN
ENST00000560081.1,1.070,13.366,RHCG
ENST00000263388.2,0.624,7.200,NOTCH3
ENST00000276682.4,12.082,38.706,EIF3H
ENST00000273980.5,4.191,0.047,TBCK
ENST00000441493.2,0.089,0.861,MICAL3
ENST00000496528.1,65.405,0.175,TMCO4
ENST00000438100.2,21.713,0.489,MAP7
ENST00000355667.6,1.070,4.336,DNM2
ENST00000541135.1,14.980,0.022,RP11-286N22.8
ENST00000357992.4,0.223,1.709,ELK4
ENST00000322644.6,1.382,6.164,POLR2A
ENST00000271835.3,9.719,44.487,CRNN
ENST00000530535.1,32.725,0.184,USP35
ENST00000256495.3,2.051,9.461,BHLHE40
ENST00000587435.1,666.624,6.018,KRT13
ENST00000368575.3,600.238,33.702,RAB13
ENST00000409458.3,1.159,7.904,GPNMB
ENST00000244333.3,6.019,45.139,LYPD3
ENST00000398782.2,970.689,1.402,RRBP1
ENST00000426496.2,138.969,0.056,PRRC2C
ENST00000264474.3,3017.644,245.921,CSTA
ENST00000359943.3,0.580,21.864,FAM3C
ENST00000264995.3,3.522,16.589,MRPL3
ENST00000310837.4,2.987,16.732,EIF1
ENST00000373087.6,0.669,4.576,ZC3H12A
ENST00000432163.1,4.102,0.016,AC098973.1
ENST00000430694.1,64.335,1.848,AC096579.7
ENST00000496925.1,91.977,0.873,PSMD2
ENST00000466092.1,66.654,3.340,PARD3
ENST00000367808.3,0.892,4.995,BLZF1
ENST00000262455.6,0.178,3.035,ERP44
ENST00000276282.6,0.580,3.696,MFHAS1
ENST00000520764.1,7.267,0.262,WDR55
ENST00000367342.4,1.070,5.015,C1orf106
ENST00000380502.3,0.401,1.915,HAUS6
ENST00000343411.3,0.624,4.158,MBTPS1
ENST00000302278.3,2.051,26.112,ITGB1
ENST00000229416.6,0.669,11.197,GCLC
ENST00000263707.5,0.089,1.256,TFCP2L1
ENST00000508733.1,17.745,0.386,SPINK5
ENST00000353047.6,2.408,12.359,CTSB
ENST00000369114.5,38.432,0.305,ANP32E
ENST00000330836.5,1.338,11.246,DDX24
ENST00000504087.1,0.178,1.088,ANKRD50
ENST00000460795.1,694.668,11.087,SRSF11
ENST00000341193.5,18.057,0.157,HAP1
ENST00000482325.1,0.134,1.395,GCC2
ENST00000353555.4,15.694,44.083,BSG
ENST00000481849.1,8.248,52.130,HLA-B
ENST00000300527.4,1.293,11.780,COL6A2
ENST00000298902.5,11.369,107.580,IFI27
ENST00000374810.3,14.401,1.108,TP53INP2
ENST00000314797.6,1.739,8.131,COPG1
ENST00000591123.1,26.974,0.998,SAFB2
ENST00000303531.7,2.898,0.036,PRKCB
ENST00000293774.4,44.005,0.455,KRT4
ENST00000551018.1,28.668,0.724,PFDN5
ENST00000393562.2,2.541,21.902,G6PD
ENST00000568916.1,20.910,0.211,FAM173A
ENST00000592576.1,1.159,4.250,EFTUD2
ENST00000555679.1,274.327,22.878,PSMC1
ENST00000581122.1,0.134,2.050,RP11-135L13.4
ENST00000579361.1,0.446,8.433,MPRIP
ENST00000553612.1,0.669,2.629,GTF2A1
ENST00000293831.8,26.260,142.124,EIF4A1
ENST00000450535.1,8.605,0.179,ZFAS1
ENST00000479712.1,90.506,1.063,UPF3A
ENST00000178638.3,0.401,8.048,CA12
ENST00000373670.1,0.223,1.653,RC3H2
ENST00000269243.4,0.223,3.840,MYH10
ENST00000392566.2,35.222,1.532,HN1
ENST00000232219.2,11.993,96.018,RBP1
ENST00000278224.9,29.381,1.557,CARS
ENST00000241261.2,2.452,9.512,TNFSF10
ENST00000309993.2,0.357,2.129,MSL2
ENST00000367030.3,1.783,0.029,LAMB3
ENST00000441550.2,3.299,18.697,KRT14
ENST00000360016.5,17.834,0.121,BRD4
ENST00000440647.1,538.578,0.224,CHD6
ENST00000455552.1,400.367,0.318,PTMAP1
ENST00000267814.9,0.357,4.145,SORD
ENST00000378308.2,0.089,1.072,USP9X
ENST00000262013.7,0.268,1.994,SPAG9
ENST00000607242.1,8.649,0.384,PTMAP5
ENST00000393306.1,0.490,4.327,OSGIN1
ENST00000545541.1,0.268,7.671,TMPRSS11D
ENST00000460827.1,26.795,0.926,PCYT1A
ENST00000361739.1,623118.452,4238.869,MT-CO2
ENST00000390319.2,32.279,0.256,IGLV3-1
ENST00000384782.1,827.083,24.726,RNU1-3
ENST00000314888.9,0.624,3.916,TLN1
ENST00000330752.8,9.630,42.683,HNRNPA1
ENST00000528896.2,1.159,7.225,KIAA0100
ENST00000302125.8,35.578,0.130,MZB1
ENST00000396912.1,0.268,1.561,RBAK
ENST00000491110.1,62.017,0.081,MX1
ENST00000268122.4,16.675,91.810,RHCG
ENST00000310706.5,18.815,55.567,JUP
ENST00000378635.3,114.225,1.310,CDK11A
ENST00000531904.2,3.478,0.034,KMT2A
ENST00000261797.6,0.223,2.173,NDST1
ENST00000409470.1,5.885,0.052,USP39
ENST00000599676.1,0.134,3.865,CTD-2231E14.8
ENST00000361170.2,0.268,2.050,IQGAP3
ENST00000361809.3,3.165,0.159,TRIM7
ENST00000491285.1,10.879,0.135,WI2-3658N16.1
ENST00000598742.1,49.934,4.683,RPS19
ENST00000604404.1,21.980,2.131,FXYD3
ENST00000263398.6,3.834,16.598,CD44
ENST00000403625.2,0.312,1.673,MAST4
ENST00000275820.3,115.964,1.106,NOM1
ENST00000270162.6,0.535,5.190,SIK1
ENST00000566340.1,0.669,9.205,NUDT21
ENST00000548599.1,12.305,0.045,CNOT2
ENST00000357166.6,0.178,2.169,ZDHHC9
ENST00000577841.1,43.425,0.215,RP11-344E13.3
ENST00000324873.6,41.018,3.607,NUPR1
ENST00000240922.3,1.962,9.954,NAA50
ENST00000552674.1,44.228,0.146,SMARCC2
ENST00000511832.1,20.553,0.121,PHB
ENST00000259512.4,0.669,8.918,DERL1
ENST00000558357.1,1.873,0.018,INO80
ENST00000442819.2,1.427,9.642,HNRNPH1
ENST00000361871.3,1.338,7.994,MSRB1
ENST00000460284.1,6.465,0.072,XRCC5
ENST00000407418.3,1.694,5.677,CBX6
ENST00000375537.4,31.477,1.171,EHMT2
ENST00000458626.2,0.446,3.986,C1orf226
ENST00000284878.7,0.803,3.943,CXADR
ENST00000587351.1,150.561,0.076,FAM32A
ENST00000390323.2,791.817,3.398,IGLC2
ENST00000557634.1,44.852,1.689,IFI27
ENST00000296585.5,0.535,3.833,ITGA2
ENST00000409557.1,1.293,6.989,RND3
ENST00000471826.1,43.871,0.018,P4HA2
ENST00000470886.1,7.847,0.123,RRP1B
ENST00000604262.1,4.102,14.406,OXA1L
ENST00000568784.2,2.006,6.074,VPS35
ENST00000367334.5,1.248,7.929,TMEM9
ENST00000307771.7,88.455,1.146,ZRSR2
ENST00000260045.3,2.140,10.984,PRKRIR
ENST00000398581.3,84.576,7.509,RPL21P75
ENST00000216962.4,1.248,6.193,PYGB
ENST00000251047.5,1.159,5.728,LMAN1
ENST00000222399.6,0.490,2.196,LAMB1
ENST00000595483.1,10.700,0.227,BLVRB
ENST00000559111.1,53.144,0.029,HSP90B2P
ENST00000368015.1,19.617,0.570,ARHGAP30
ENST00000560848.1,0.758,4.517,CYFIP1
ENST00000357348.5,6.153,0.159,RTFDC1
ENST00000556969.1,2.051,12.850,TMED10
ENST00000315274.6,1.427,55.037,MMP1
ENST00000454497.2,0.178,2.001,OTUD4
ENST00000412460.1,2.809,0.099,CSPP1
ENST00000551781.1,125.861,9.032,PPP1R12A
ENST00000295770.2,2.051,6.857,STT3B
ENST00000319466.4,2.140,6.359,MCFD2
ENST00000457422.2,8.025,0.597,CCDC43
ENST00000468027.1,1238.686,1.198,PTMA
ENST00000298351.4,0.178,3.243,TMEM63C
ENST00000540265.1,2.318,0.056,PGM1
ENST00000270139.3,0.312,1.601,IFNAR1
ENST00000381346.4,0.713,9.609,RDH11
ENST00000588724.1,28.623,0.736,KANK2
ENST00000425013.2,0.134,2.010,RNF216
ENST00000583516.1,1.694,0.022,ESRG
ENST00000486901.1,0.669,3.743,HSPG2
ENST00000321867.4,0.178,2.761,ULK1
ENST00000484981.1,2.051,14.660,FLNB
ENST00000295400.6,1.516,5.349,TGFA
ENST00000478840.1,425.468,0.173,UPF3B
ENST00000549143.1,8.739,0.541,CS
ENST00000366639.4,0.847,6.906,TSNAX
ENST00000297857.2,0.357,4.246,ZHX1
ENST00000299413.5,166.745,3.367,TRIM44
ENST00000274242.5,103.257,3.080,RPL37
ENST00000450599.2,0.892,11.504,DDX5
ENST00000367976.3,0.401,4.439,CTGF
ENST00000313432.5,0.446,2.265,ATP2A2
ENST00000610160.1,4.815,0.233,COMMD7
ENST00000256031.4,0.223,1.772,ATP13A3
ENST00000286371.3,16.987,53.920,ATP1B3
ENST00000421882.1,52.699,1.124,MAP4K4
ENST00000260810.5,0.178,3.371,TOPBP1
ENST00000367922.3,0.089,0.718,DDR2
ENST00000389614.5,18.948,62.233,GPX2
ENST00000355594.4,88.767,1.034,ANKRD35
ENST00000515015.1,78.290,0.610,IK
ENST00000390545.2,170.446,5.298,IGHG2
ENST00000301738.4,0.713,3.844,KCTD5
ENST00000608295.1,10.923,0.283,HDDC2
ENST00000367577.4,1.917,9.086,IER5
ENST00000379751.4,60.367,5.293,CENPB
ENST00000064778.4,0.713,6.514,FAM168A
ENST00000372755.3,0.936,7.045,VCL
ENST00000244741.5,5.841,18.370,CDKN1A
ENST00000390603.2,37.406,0.054,IGHV3-15
ENST00000425443.2,0.312,3.620,COL12A1
ENST00000331738.7,0.580,5.280,RSRC2
ENST00000309295.4,2.229,7.386,EHBP1L1
ENST00000552823.1,0.446,2.976,LIMA1
ENST00000411529.2,0.223,7.411,HNRNPA3
ENST00000217939.6,0.089,0.994,MXRA5
ENST00000437196.1,1.070,8.954,EXT1
ENST00000361567.2,137429.595,679.905,MT-ND5
ENST00000375304.5,9.184,0.401,HSD17B10
ENST00000313511.3,3.968,15.196,TUFM
ENST00000311946.7,0.535,3.398,NIPAL4
ENST00000356770.4,0.178,1.272,PBRM1
ENST00000003100.8,1.650,6.460,CYP51A1
ENST00000390605.2,41.954,0.061,IGHV1-18
ENST00000285379.5,1.025,17.692,CA2
ENST00000313288.4,0.401,3.829,TACC3
ENST00000361256.5,66.074,2.012,C9orf114
ENST00000491673.1,83.016,1.480,KRT17
ENST00000418919.2,0.268,3.465,GNS
ENST00000449060.2,2.675,0.029,XPC
ENST00000395425.2,0.401,2.640,DLGAP5
ENST00000588061.1,2.541,0.036,TNRC6C
ENST00000548216.2,4.637,0.009,KIAA0430
ENST00000446406.1,40.705,0.628,H19
ENST00000263904.4,0.178,1.864,STAM2
ENST00000258455.3,1.293,7.505,MRPS9
ENST00000258733.4,10.076,36.484,GPNMB
ENST00000264107.7,0.847,21.665,ITGA6
ENST00000465682.1,0.624,4.531,KAT2A
ENST00000281437.4,0.535,4.315,BARX2
ENST00000439577.1,86.672,6.343,RP1-20B21.4
ENST00000031146.4,0.178,3.351,SLC39A9
ENST00000486886.1,0.624,5.042,PHLDB2
ENST00000308488.6,0.178,1.487,RSF1
ENST00000491163.1,28.623,0.422,C7orf50
ENST00000265085.5,17.655,0.269,CPEB4
ENST00000555592.1,0.624,20.770,NPC2
ENST00000347697.2,0.981,4.847,EPN2
ENST00000538610.1,3.210,17.446,PSMA5
ENST00000199389.6,1.025,4.329,EIF2AK1
ENST00000418717.2,5.216,0.018,KIF3B
ENST00000330871.2,1.293,6.897,SOCS3
ENST00000305363.4,0.624,26.258,TMPRSS11E
ENST00000333751.3,0.892,10.627,KCTD11
ENST00000339647.5,0.803,52.070,UBC
ENST00000353999.6,8.783,49.013,EIF4H
ENST00000397752.3,0.134,8.821,MET
ENST00000314761.4,0.669,4.022,WDR75
ENST00000502401.1,2018.643,3.268,SEPT11
ENST00000504065.1,58068.512,3.927,LUC7L3
ENST00000495544.1,2.630,11.461,SULF2
ENST00000378549.5,7.624,32.191,ITM2B
ENST00000579690.1,395.151,3.167,YTHDC1
ENST00000234590.4,59.966,197.051,ENO1
ENST00000463859.1,75.392,7.945,SRSF11
ENST00000415912.2,1.025,4.199,ECE1
ENST00000314471.6,0.580,2.736,SAMD4B
ENST00000331925.2,55.195,316.533,ACTG1
ENST00000326739.4,7.446,23.282,IMPDH2
ENST00000564910.1,1.427,11.255,RAB11A
ENST00000358789.3,2.541,15.106,KLK10
ENST00000319004.5,0.223,2.207,GEMIN4
ENST00000503822.1,18.324,0.049,HNRNPD
ENST00000536714.1,336.656,0.186,KRI1
ENST00000530440.1,17.254,0.628,TALDO1
ENST00000273359.3,0.446,4.022,ABHD10
ENST00000368494.3,0.758,2.887,NUS1
ENST00000471717.1,2.586,0.025,GPC2
ENST00000263245.5,0.624,3.243,ARFGAP3
ENST00000521168.1,189.662,0.321,CSPP1
ENST00000378852.3,0.268,3.981,API5
ENST00000479255.1,61.838,3.645,GNL2
ENST00000280557.6,3.433,10.472,DENR
ENST00000478903.1,5.796,0.087,IQCG
ENST00000352689.6,0.089,0.720,MKLN1
ENST00000493348.1,10.522,0.390,TM4SF1
ENST00000378164.2,0.446,2.454,TAF2
ENST00000264108.4,3.478,13.516,HAT1
ENST00000330459.3,2.095,28.364,KPNA2
ENST00000521496.1,54.527,0.025,ATAD2
ENST00000261263.3,0.134,1.720,RAB21
ENST00000441867.1,57.112,3.974,ABCF1
ENST00000360458.1,3.388,13.879,MORF4L2
ENST00000395850.3,3.656,34.120,CD59
ENST00000300408.3,0.892,13.794,PHB
ENST00000563060.2,6.420,21.283,ALDOA
ENST00000482771.1,23.496,1.395,TMEM54
ENST00000374642.3,23.630,1.590,C1QA
ENST00000528969.1,0.268,8.299,TMEM123
ENST00000528081.1,6101.495,9.158,RBM25
ENST00000271883.5,25.903,0.025,GON4L
ENST00000553630.1,13.687,44.439,CALM1
ENST00000296181.4,0.847,4.816,ITGB5
ENST00000295640.4,1.248,5.300,RNPEP
ENST00000390243.2,209.858,1.608,IGKV4-1
ENST00000264951.4,0.178,1.290,XRN1
ENST00000561424.1,92.691,251.515,B2M
ENST00000409739.2,199.381,0.372,TRAF3IP1
ENST00000398543.2,1.828,47.739,ANO1
ENST00000338338.5,35.132,3.492,AURKAIP1
ENST00000507777.1,2.630,11.941,COPB2
ENST00000298130.4,4.191,13.527,SPTSSA
ENST00000504110.1,80.163,2.550,C4orf3
ENST00000324460.6,8.293,38.724,HSPA5
ENST00000585374.1,0.357,3.012,LONP1
ENST00000434928.1,9.541,0.191,TP63
ENST00000582447.1,57.246,3.194,CHD2
ENST00000533595.1,48.285,0.563,SF3B2
ENST00000504691.1,0.981,5.392,PAM
ENST00000400797.3,4.860,0.103,KAZN
ENST00000341369.7,264.474,25.377,PTMA
ENST00000390629.2,52.654,0.247,IGHV4-59
ENST00000540379.1,38.164,0.301,PSMD7
ENST00000474582.1,237.278,1.124,RPS8
ENST00000572954.1,142.135,6.112,TCEB2
ENST00000396062.3,10.121,30.748,FKBP3
ENST00000499521.2,1.115,3.438,CTB-89H12.4
ENST00000520200.1,0.178,6.258,FAT2
ENST00000579520.1,19.617,0.558,STRA13
ENST00000304332.4,1.159,8.705,H2AFY
ENST00000582730.2,4.904,13.451,SRSF1
ENST00000399302.2,0.178,1.317,QSER1
ENST00000376630.4,16.050,56.074,HLA-E
ENST00000569747.1,148.020,0.144,KLHDC4
ENST00000529631.1,1259.596,0.170,FTH1
ENST00000491395.1,57.648,0.691,APP
ENST00000357480.5,2.853,9.003,NFE2L1
ENST00000461347.1,2338.491,0.893,NCL
ENST00000222573.4,0.312,3.095,ITGB8
ENST00000482596.1,86.895,3.019,CHD6
ENST00000350997.7,0.580,3.764,FADS1
ENST00000265742.3,0.401,2.757,ANKIB1
ENST00000348502.6,0.357,2.806,ACSL4
ENST00000381261.3,84.086,0.227,AKAP17A
ENST00000548830.1,3.433,0.016,ASH1L
ENST00000400337.2,0.401,2.346,COL18A1
ENST00000520953.1,32.502,2.665,SREK1
ENST00000270233.6,1.115,6.556,BCAM
ENST00000602402.1,0.624,2.613,DNAJC3
ENST00000434452.1,2.185,20.864,DSC3
ENST00000336735.4,0.758,4.724,SEL1L
ENST00000409810.2,60.144,3.755,CHMP3
ENST00000395535.3,231.571,5.583,SEC61G
ENST00000490232.2,10780.440,154.505,RN7SL2
ENST00000455702.1,33.973,0.117,TNNT2
ENST00000480411.1,35.890,0.087,NAGK
ENST00000589774.1,15.337,0.027,AP2B1
ENST00000356554.3,23.139,2.319,MAN1A2
ENST00000361390.2,457607.345,1259.753,MT-ND1
ENST00000401044.3,1.694,0.036,MYSM1
ENST00000483048.1,9.942,0.316,PLXNA2
ENST00000256854.5,0.580,7.299,NARS
ENST00000532223.2,10.611,0.330,IGLL5
ENST00000394934.1,23.719,2.106,PSAP
ENST00000335181.5,22.783,103.326,PKM
ENST00000395671.4,3.656,18.998,TRIM16L
ENST00000276699.6,1.605,18.439,FAM83A
ENST00000490455.1,15.738,0.061,TAX1BP1
ENST00000354817.3,0.178,3.174,FAR1
ENST00000406875.3,0.490,1.790,HIPK2
ENST00000331825.6,302.549,787.252,FTL
ENST00000426053.1,0.312,2.588,APOL1
ENST00000525373.1,44.317,0.906,LMO7
ENST00000199706.8,2.764,16.084,MRPL28
ENST00000326648.3,0.178,1.357,ZNF609
ENST00000262709.3,0.268,3.364,TOX4
ENST00000451517.1,21.935,0.482,NDUFA3
ENST00000361007.2,2.274,13.866,MYO1C
ENST00000367816.1,0.936,18.540,ATP1B1
ENST00000337386.5,0.580,6.749,NAB1
ENST00000395587.1,0.089,1.308,EIF3C
ENST00000220562.4,0.134,3.459,EXTL3
ENST00000568495.1,66.208,0.713,CENPT
ENST00000283206.4,1.115,4.013,TMEM87B
ENST00000263672.6,0.713,6.507,SPCS2
ENST00000500450.2,1.204,7.375,CNBP
ENST00000433165.2,0.178,1.216,CNKSR3
ENST00000257262.8,36.515,0.798,TMEM258
ENST00000311922.3,1.070,7.305,TRIB1
ENST00000361611.6,3.076,12.605,PSMB5
ENST00000459958.2,21.891,0.267,FLII
ENST00000354050.4,7.713,0.334,PLTP
ENST00000582713.1,176.688,0.682,CWC25
ENST00000554989.1,0.312,17.549,CKB
ENST00000552981.1,1.159,31.271,SLC25A3
ENST00000455343.1,4965.487,0.655,RBM39
ENST00000533729.1,10.522,0.482,ARL2
ENST00000369187.3,24.744,1.689,NBPF15
ENST00000437070.1,31.833,0.029,RNF168
ENST00000366472.5,0.223,2.252,SH3BP5L
ENST00000477973.2,0.134,1.492,RYBP
ENST00000595879.1,51.807,0.296,AKAP8L
ENST00000515490.1,13.866,0.054,PET112
ENST00000372856.3,5.885,0.108,PABPC4
ENST00000390317.2,38.342,0.202,IGLV2-8
ENST00000313368.5,2.006,9.324,TAF7
ENST00000489783.1,47.928,0.532,SHOC2
ENST00000546296.1,18.057,0.830,LTBR
ENST00000343958.4,0.089,0.994,FGD6
ENST00000167586.6,92.512,1882.613,KRT14
ENST00000369047.4,1.338,15.584,ECM1
ENST00000575877.1,9.586,0.410,ARRB2
ENST00000515516.1,195.993,0.996,TCOF1
ENST00000373840.4,2.095,8.191,RAB14
ENST00000303575.4,0.981,20.909,TMED10
ENST00000268182.5,0.401,8.523,IQGAP1
ENST00000592488.1,697.521,0.099,AP3D1
ENST00000227266.5,3.478,93.156,CTSC
ENST00000479362.1,527.566,0.480,CDK11A
ENST00000477264.1,30.050,2.911,CLSTN1
ENST00000252242.4,270.359,942.975,KRT5
ENST00000263734.3,1.739,5.024,EPAS1
ENST00000525985.1,0.223,3.876,EPPK1
ENST00000587739.1,319.937,0.316,CHAF1A
ENST00000475650.1,86.003,0.419,TBC1D10B
ENST00000571695.1,170.580,0.747,GPS2
ENST00000562935.1,363.095,17.432,RPS15A
ENST00000587718.1,18.369,0.442,CAPNS1
ENST00000514057.1,101.073,0.514,MTATP6P1
ENST00000263265.6,27.018,1.359,PLEKHA4
ENST00000359520.7,0.089,0.848,TECPR2
ENST00000306749.2,0.312,2.851,FASN
ENST00000286364.3,0.312,1.902,RASA2
ENST00000587921.1,1.427,0.022,ZNF235
ENST00000332598.6,3.255,14.801,TMED9
ENST00000271373.4,0.312,15.207,MPC2
ENST00000545797.2,5.662,0.260,DAPK3
ENST00000216756.6,1.828,12.087,CINP
ENST00000451533.1,14.757,0.193,VSNL1
ENST00000539250.1,119.575,0.489,CCAR1
ENST00000412128.1,9.407,0.070,PTMA
ENST00000391338.1,22.649,0.108,ZRSR1
ENST00000450367.1,7.178,0.238,PPP1R7
ENST00000559195.1,340.535,2.310,TNFAIP2
ENST00000419880.3,0.089,1.586,UBE2W
ENST00000460110.1,0.223,2.835,NUDCD3
ENST00000361842.3,0.134,5.482,XAF1
ENST00000477624.1,14.356,0.294,TMA7
ENST00000546815.1,19.171,0.251,SART3
ENST00000330736.5,26.661,0.408,ANKRD11
ENST00000530225.1,31.833,0.161,RPS2
ENST00000591545.1,2.140,0.137,SMARCA4
ENST00000369066.3,0.490,3.111,AIM1
ENST00000394524.3,0.490,2.272,CAMK2D
ENST00000390609.2,150.517,0.834,IGHV3-23
ENST00000392177.4,258.767,0.464,EZR
ENST00000376922.2,0.490,2.570,ARHGAP27
ENST00000589537.1,35.534,1.370,NFIC
ENST00000394288.3,10.700,0.917,LARP1B
ENST00000390315.2,123.989,0.067,IGLV3-10
ENST00000419304.2,6.911,0.105,AGR2
ENST00000485061.2,48.641,4.136,MYCBP2
ENST00000518055.1,993.294,0.213,RAD21
ENST00000420996.2,125.728,0.321,UPF3AP3
ENST00000278671.5,10.121,43.520,LAMTOR1
ENST00000374466.3,0.223,2.398,CSGALNACT2
ENST00000401722.3,14.267,1.043,SLC25A3
ENST00000361565.4,0.446,2.391,IPO9
ENST00000443726.2,2.630,0.007,BCL11B
ENST00000264012.4,1.204,21.766,CDH3
ENST00000260643.2,0.535,4.149,PREB
ENST00000487509.2,0.268,2.947,FUS
ENST00000605930.1,1.025,3.629,ITPR3
ENST00000254051.6,1.070,11.879,TNS4
ENST00000487074.1,7.401,0.058,FAM129A
ENST00000299705.5,1.650,9.566,TMED3
ENST00000409600.1,8.025,22.773,BZW1
ENST00000298249.4,0.134,1.440,REEP3
ENST00000473035.1,2.764,29.490,RAB10
ENST00000328432.3,0.312,2.970,PPP1R2
ENST00000586154.1,0.446,3.757,CTC-503J8.6
ENST00000424877.1,34.597,0.523,KMT2C
ENST00000378026.4,0.713,9.097,CKAP4
ENST00000343115.4,0.892,3.739,RDX
ENST00000490957.1,135.581,0.951,PHF14
ENST00000419110.1,2.363,15.898,HMGB3
ENST00000602540.1,0.758,4.369,PHLDA1
ENST00000569282.1,149.580,11.190,BOLA2B
ENST00000348383.5,1.159,0.043,FLNB
ENST00000273047.4,1.471,5.816,RAB5A
ENST00000409947.1,0.446,2.146,MAP3K2
ENST00000609606.1,16.407,0.671,CSNK2A1
ENST00000373451.4,0.223,2.591,CMTR1
ENST00000358344.3,3.700,12.403,HNRNPAB
ENST00000401931.1,24.343,0.359,IL8
ENST00000390306.2,26.929,0.130,IGLV2-23
ENST00000336314.4,1.204,5.769,LARP1
ENST00000344293.5,644.199,0.940,TAF3
ENST00000268489.5,3.834,0.130,ZFHX3
ENST00000510290.1,11.726,0.159,SRPK1
ENST00000398988.3,0.134,1.249,KSR1
ENST00000471706.1,152.523,0.298,POLR3GL
ENST00000259205.4,10.210,53.194,IL36G
ENST00000503393.2,0.089,0.794,SH3BP2
ENST00000389032.3,0.312,1.922,STK38L
ENST00000478946.1,8.025,0.209,STAMBP
ENST00000254480.5,0.981,3.957,SMARCC1
ENST00000261461.2,1.427,5.782,PPP2R5A
ENST00000337002.4,0.490,2.810,SEC62
ENST00000320676.7,2.318,14.599,RBMX
ENST00000530028.2,1.560,10.898,EID1
ENST00000308527.5,0.089,1.180,SNX33
ENST00000532683.1,0.535,2.413,RBM25
ENST00000489375.1,9.987,0.105,AKT2
ENST00000299427.6,1.070,5.139,TPP1
ENST00000370112.4,0.089,0.841,SLC30A7
ENST00000518068.1,1.605,7.133,ASPH
ENST00000226225.2,0.312,5.802,TNFAIP1
ENST00000497899.1,615.754,3.234,ENAH
ENST00000427335.2,0.312,8.036,LEPREL1
ENST00000485668.1,8.783,0.166,BTBD19
ENST00000337970.3,0.624,10.869,HNRNPF
ENST00000480213.1,95.678,6.045,ILF2
ENST00000550479.1,218.418,0.161,HSP90B1
ENST00000299977.4,0.312,2.579,SLFN5
ENST00000359314.5,0.803,4.434,CD2AP
ENST00000252804.4,0.134,2.357,PXDN
ENST00000536809.1,95.500,5.771,RP11-543P15.1
ENST00000362034.2,122.027,9.797,MRPL21
ENST00000449289.1,59.788,5.475,GAS5
ENST00000478194.1,0.178,2.079,FERMT1
ENST00000392348.2,3.968,0.083,BCLAF1
ENST00000276603.5,0.089,2.286,TERF1
ENST00000447182.2,2.675,9.324,SDCBP
ENST00000390309.2,170.089,0.285,IGLV3-19
ENST00000366923.3,3.121,8.510,EPRS
ENST00000547534.1,29.515,0.027,SLC25A3
ENST00000378853.3,13.732,0.567,AURKAIP1
ENST00000568849.1,33.171,0.301,GSPT1
ENST00000440936.1,46.501,0.482,RP11-1033A18.1
ENST00000396128.4,0.134,1.951,KLHL28
ENST00000310430.6,0.089,1.068,TNKS
ENST00000439815.1,32.279,0.058,DBNL
ENST00000425148.2,0.401,4.807,TAP1
ENST00000464634.2,5.618,0.114,KRT13
ENST00000345042.2,3.344,33.821,HSPD1
ENST00000297532.6,0.089,4.340,FASTK
ENST00000254508.5,0.446,2.281,NUP210
ENST00000295628.3,1.382,4.786,LRRC58
ENST00000361099.3,1.025,7.357,STAT1
ENST00000267918.5,146.415,8.819,ANP32A
ENST00000472481.1,15.649,0.574,RPL13A
ENST00000290158.4,3.388,11.630,KPNB1
ENST00000367545.3,0.089,0.740,UTRN
ENST00000358951.2,0.134,2.671,RAB3GAP2
ENST00000484638.1,0.223,2.916,RIN2
ENST00000521379.1,11.859,0.339,CRNKL1
ENST00000268171.3,0.223,7.462,FURIN
ENST00000559011.1,36.069,0.590,EIF5
ENST00000522603.1,110.302,0.576,ASPH
ENST00000262033.6,15.426,42.607,PTGES3
ENST00000326840.6,0.134,3.129,DCBLD2
ENST00000433454.2,3.210,0.101,NEFM
ENST00000429156.1,6.063,23.019,MIR205HG
ENST00000380872.4,0.401,3.620,AKR1C1
ENST00000437043.3,0.357,2.250,ERAP2
ENST00000337195.5,0.669,3.734,CTBP2
ENST00000361381.2,519722.284,2554.816,MT-ND4
ENST00000416718.2,14807.918,77.577,RP5-857K21.11
ENST00000262094.5,0.268,1.218,RAB27B
ENST00000602903.1,17.566,0.236,ADAM1A
ENST00000264025.3,0.134,14.931,PVRL1
ENST00000549628.1,4.102,29.282,IGFBP6
ENST00000496946.1,4.815,0.301,SNRNP48
ENST00000243077.3,0.045,1.895,LRP1
ENST00000373719.3,0.268,6.309,OGT
ENST00000328914.4,0.223,1.678,FOXK1
ENST00000367315.2,54.883,0.348,TNNT2
ENST00000239367.2,1.025,5.497,LRP11
ENST00000359564.2,0.134,1.772,DSE
ENST00000560507.1,2393.241,0.218,ANKRD17
ENST00000242057.4,0.134,6.762,AHR
ENST00000450894.3,1.694,12.592,ITGB4
ENST00000552668.1,17.834,0.034,KRT4
ENST00000397305.3,8.739,0.110,RBFOX2
ENST00000243662.6,1.962,25.742,RAB38
ENST00000429437.1,501.261,33.135,RPL35A
ENST00000369162.2,0.312,1.754,ASCC3
ENST00000256759.3,0.446,7.175,FST
ENST00000414773.1,3.165,0.011,CLGN
ENST00000337714.3,0.223,3.084,AKAP1
ENST00000520687.1,7.535,43.080,SPARC
ENST00000483201.1,27.152,0.606,KLHL18
ENST00000375213.3,0.268,5.145,MLTK
ENST00000409304.1,0.401,12.599,SERPINE2
ENST00000589010.1,68.838,0.442,CTB-151G24.1
ENST00000475894.1,0.446,4.627,DLGAP4
ENST00000414002.1,78.023,6.074,SNHG5
ENST00000437915.1,22.515,0.027,TYW1B
ENST00000361758.4,0.178,2.469,QKI
ENST00000553176.1,43.336,0.314,RP11-977G19.5
ENST00000359003.2,0.223,1.492,NCOA6
ENST00000441629.2,3947.717,8.202,HSP90AA1
ENST00000528205.1,7.535,0.132,MED19
ENST00000307145.3,0.268,4.075,KLF13
ENST00000376281.4,6.108,20.422,HNRNPK
ENST00000462641.1,52.431,1.171,EIF3D
ENST00000546134.1,9.095,0.092,RASSF8-AS1
ENST00000259253.6,0.268,1.595,UGGT1
ENST00000269033.3,0.089,0.803,SSH2
ENST00000480492.1,30.986,0.130,IGKV1-12
ENST00000312841.8,0.178,3.537,HR
ENST00000536769.1,0.580,2.873,UBC
ENST00000424241.1,80.207,0.040,RP6-159A1.3
ENST00000376838.1,0.045,0.971,MTOR
ENST00000374026.3,4.726,0.148,C6orf106
ENST00000369762.2,1.025,10.578,ATP6AP1
ENST00000359591.4,1.382,6.623,LRP10
ENST00000367350.4,0.134,1.290,KIF14
ENST00000321442.5,0.401,3.035,SFXN1
ENST00000557106.1,21.490,0.834,NRDE2
ENST00000259874.5,5.528,24.336,IER3
ENST00000356083.3,0.223,4.874,COL27A1
ENST00000414645.2,0.134,1.411,DPY19L4
ENST00000607650.1,0.045,0.655,KMT2B
ENST00000399054.2,0.134,1.563,MKKS
ENST00000360629.3,10645.082,2.687,ARGLU1
ENST00000607600.1,558.418,20.530,RP1-261G23.7
ENST00000527958.1,1.471,5.300,PAFAH1B2
ENST00000580453.1,115.384,5.986,FLII
ENST00000275815.3,0.268,2.914,EPHA1
ENST00000511884.2,0.134,1.240,PCDH7
ENST00000375512.3,5.083,13.381,BICD2
ENST00000367739.4,2.586,18.219,IFNGR1
ENST00000594893.1,8.337,0.547,AKAP8L
ENST00000372447.3,2.185,8.846,C9orf78
ENST00000254675.3,16.987,53.099,RAN
ENST00000391829.2,0.312,2.149,AHCTF1
ENST00000565479.1,9.318,0.157,YPEL3
ENST00000436396.1,0.045,2.261,VCL
ENST00000475377.2,0.713,4.087,FMNL2
ENST00000390607.2,41.998,0.056,IGHV3-21
ENST00000261845.5,1.248,12.866,MAPK6
ENST00000367385.4,2.318,8.741,NEK7
ENST00000421351.3,31.075,154.862,PERP
ENST00000429728.1,68.036,3.672,SNRPG
ENST00000371485.3,0.892,4.816,CEP55
ENST00000252699.2,4.057,15.167,ACTN4
ENST00000457326.2,50.559,2.530,CAPNS2
ENST00000521414.1,8.605,0.155,NDRG1
ENST00000407327.4,0.045,2.310,SLC44A2
ENST00000369144.3,4.280,11.675,EIF3A
ENST00000537439.1,0.134,7.292,DCTN2
ENST00000373477.4,1.115,4.865,YARS
ENST00000476541.1,34.597,0.913,CIZ1
ENST00000307365.3,5.350,21.990,DDIT4
ENST00000357997.5,0.312,5.482,ANKLE2
ENST00000251081.6,4.592,18.744,DSC2
ENST00000436088.1,36.604,1.187,UBTF
ENST00000460194.1,74.055,0.238,SRRT
ENST00000547650.1,28.712,0.967,BAZ2A
ENST00000222270.7,0.045,0.655,KMT2B
ENST00000544868.1,3373.070,298.224,MALAT1
ENST00000429701.2,9.229,0.079,GTF2F1
ENST00000361335.1,632587.578,2076.500,MT-ND4L
ENST00000293328.3,0.178,1.803,STAT5B
ENST00000320081.5,0.624,2.965,CLIP4
ENST00000521026.1,2.541,242.442,NDRG1
ENST00000442431.1,2.140,100.477,PGK1
ENST00000361441.4,1.471,7.507,APOBEC3C
ENST00000460569.1,12803.229,4.354,UPF2
ENST00000263688.3,0.312,1.907,SUCO
ENST00000296370.3,117.257,8.207,S100P
ENST00000427025.2,0.357,1.601,NHSL1
ENST00000570597.1,0.490,6.222,RCOR1
ENST00000379018.3,0.134,6.184,PDLIM4
ENST00000375749.3,0.847,3.288,POFUT1
ENST00000444469.3,17.522,0.262,TMEM238
ENST00000513356.1,33.082,1.303,NSA2
ENST00000379731.4,1.650,7.992,B4GALT1
ENST00000330188.9,0.268,12.029,TPM3
ENST00000360091.3,28.088,1.124,EWSR1
ENST00000505224.1,83.774,2.375,DEK
ENST00000592772.1,13.821,0.029,PPL
ENST00000480614.1,0.089,0.781,VEGFA
ENST00000505034.1,64.246,1.868,LARP7
ENST00000428647.1,14.579,0.018,AC092669.3
ENST00000528439.1,533.585,41.941,RPS3
ENST00000433108.1,1.382,10.798,MIR205HG
ENST00000534358.1,0.134,0.783,KMT2A
ENST00000397143.2,846.165,0.978,WDR60
ENST00000467214.1,286.989,0.641,RBM17
ENST00000481470.1,0.268,1.776,FLNB
ENST00000554019.1,3.745,70.426,ERO1L
ENST00000508076.1,4.860,23.048,TGFBI
ENST00000597069.1,714.865,0.285,ZC3H4
ENST00000255977.2,0.803,5.711,MKRN1
ENST00000308580.7,2.229,7.476,TMOD3
ENST00000382848.4,14.579,116.400,GJB2
ENST00000505090.1,2007.988,0.846,CANX
ENST00000316981.3,0.134,1.884,PLAG1
ENST00000261942.6,0.401,3.095,FAF2
ENST00000549884.1,1.070,0.040,BAZ2A
ENST00000323013.6,0.268,6.413,RRP7A
ENST00000290291.6,0.357,4.430,OGFR
ENST00000389120.3,342.764,3.941,RNF20
ENST00000274026.5,0.624,4.329,CCNA2
ENST00000458244.2,106.021,2.992,KRT4
ENST00000390602.2,28.222,0.056,IGHV3-13
ENST00000264220.2,0.268,2.093,PPAT
ENST00000324883.5,2.541,0.130,GRHL1
ENST00000354600.5,2.140,19.038,TP63
ENST00000538352.1,6.019,0.128,STRAP
ENST00000489056.1,30.585,1.375,UQCRH
ENST00000606654.1,22.426,1.691,LL22NC03-2H8.5
ENST00000382280.3,15.649,0.233,ZG16B
ENST00000407971.1,4.102,0.240,SEPT2
ENST00000395076.4,0.134,0.877,PPM1A
ENST00000492739.1,106.601,6.727,NDUFB4
ENST00000507704.1,82.570,0.778,MLLT4
ENST00000373943.4,0.357,2.422,STX12
ENST00000200457.4,1.739,10.181,TRIP6
ENST00000424969.2,27.464,0.067,IGHV3-74
ENST00000402631.1,25.413,1.086,MICALL1
ENST00000374426.2,23.986,0.917,CXCL12
ENST00000546120.1,10.700,112.459,UBC
ENST00000287543.4,26.349,1.832,MALSU1
ENST00000368471.3,0.089,8.034,ADAR
ENST00000263735.4,5.439,22.237,EPCAM
ENST00000382422.2,67.189,4.102,BAZ1A
ENST00000581289.1,27.598,0.175,PROCA1
ENST00000306560.1,1.248,7.460,HAS3
ENST00000333090.4,1.650,10.676,TSKU
ENST00000368223.3,1.248,5.307,NES
ENST00000303887.5,1.159,7.507,MCM7
ENST00000360982.2,3.478,13.888,NCKAP1
ENST00000538751.1,0.178,5.634,INPPL1
ENST00000584683.1,423.952,0.074,RP11-214O1.3
ENST00000590943.2,34.999,0.188,OAZ1
ENST00000405941.3,154.930,0.110,TMEM18
ENST00000586417.1,4.548,0.164,ATG4D
ENST00000259339.2,0.312,2.925,TOR1B
ENST00000373316.4,0.892,13.691,PGK1
ENST00000484293.2,1.605,14.025,RNF187
ENST00000331173.4,0.446,2.633,CSTF2T
ENST00000532497.1,3.879,0.139,POLD3
ENST00000482047.1,41.463,0.213,CDK5RAP2
ENST00000480342.1,14.133,0.022,RERE
ENST00000415603.1,18.725,1.112,DHX16
ENST00000260010.6,0.223,3.378,TLR2
ENST00000346473.3,64.201,2.676,DDIT3
ENST00000259241.6,0.892,4.712,HS6ST1
ENST00000334478.4,20.375,72.817,PFDN5
ENST00000264896.2,1.025,3.860,SCARB2
ENST00000339399.4,9045.352,52.990,ANP32B
ENST00000258947.3,0.490,3.376,CALCOCO2
ENST00000370519.3,385.520,0.545,SPANXA1
ENST00000300403.6,2.006,8.077,TPX2
ENST00000401609.1,17.210,95.679,RPL3
ENST00000484502.1,27.687,0.175,MRPS33
ENST00000575454.1,15.069,0.083,SMG6
ENST00000376809.5,42.355,175.995,HLA-A
ENST00000498907.2,4.548,0.087,CEBPA
ENST00000340852.5,1.204,9.748,HM13
ENST00000283415.3,0.624,5.946,LPCAT1
ENST00000479870.1,1.025,4.854,FAM115A
ENST00000371627.4,0.134,1.942,TNKS2
ENST00000370574.3,9.987,0.823,ZNHIT6
ENST00000514314.1,5.841,0.038,MINA
ENST00000593067.1,2.764,26.790,KRT16
ENST00000378017.3,1.516,5.206,MTSS1
ENST00000299563.4,0.446,3.248,RNF169
ENST00000513610.1,0.758,4.840,MYO10
ENST00000538972.1,11.369,0.287,PLEKHA5
ENST00000492167.1,255.156,1.518,IGKV3-20
ENST00000534437.1,159.656,0.666,ANP32E
ENST00000361505.5,4.369,15.781,PNP
ENST00000591871.1,0.312,10.993,TIMM13
ENST00000474843.1,28.222,0.233,SRRM1
ENST00000441925.2,0.268,2.277,C3orf58
ENST00000355280.6,2.497,12.955,MINK1
ENST00000326505.3,1.248,7.657,B3GNT5
ENST00000295633.3,0.268,8.550,FSTL1
ENST00000549502.1,426.003,11.080,METAP2
ENST00000436786.1,101.608,0.361,RP11-399D6.2
ENST00000380629.2,1.248,9.990,BNIP3L
ENST00000303538.8,0.357,3.968,PDS5A
ENST00000455385.2,3.834,30.464,SYPL1
ENST00000582475.1,127.600,11.064,SNRPD1
ENST00000401491.3,4.503,0.079,BRD7
ENST00000553542.1,17.432,48.986,CALM1
ENST00000216416.4,5.618,19.724,CNIH1
ENST00000550550.1,72.717,1.126,MYL6B
ENST00000408940.3,0.490,2.225,ABL2
ENST00000265174.4,0.624,3.495,PAPSS1
ENST00000353214.2,4.949,0.146,ARPC5L
ENST00000394284.3,3.834,0.067,PPP4R2
ENST00000498999.2,89.614,0.727,MTND4P12
ENST00000594729.1,360.642,0.278,SUPT5H
ENST00000520627.1,683.299,15.512,RPS20
ENST00000354300.3,0.357,2.371,PPTC7
ENST00000568834.1,8.471,0.310,NUBP2
ENST00000470674.1,22.693,0.417,DDX1
ENST00000471696.1,0.357,4.656,SELT
ENST00000577501.1,6.063,0.375,RIOK3
ENST00000588367.1,13.866,0.119,FAM32A
ENST00000523430.1,0.401,12.215,SQLE
ENST00000380752.5,1.516,4.620,SLC7A1
ENST00000359526.4,6.420,0.222,DNMT1
ENST00000447368.2,0.223,2.667,UBP1
ENST00000236671.2,15.515,49.410,CTSD
ENST00000248594.6,2.943,15.739,PTPN12
ENST00000341776.2,0.446,2.528,JARID2
ENST00000413907.1,0.401,6.742,AEBP1
ENST00000236273.4,99.690,8.543,SYF2
ENST00000491491.1,14.133,0.087,MYCBP2
ENST00000371817.3,0.401,3.109,COL5A1
ENST00000466896.1,11.904,0.377,NDUFA5
ENST00000261692.2,11.637,0.899,CDK2AP1
ENST00000420525.1,14.490,0.220,MLLT10
ENST00000375344.3,0.758,5.565,HIATL1
ENST00000393399.2,2.095,11.257,PRCP
ENST00000394464.2,0.936,3.629,NR3C1
ENST00000512292.1,2.809,0.103,LARP1B
ENST00000297689.3,0.446,8.772,NFIL3
ENST00000263212.5,0.268,2.200,PPM1F
ENST00000560681.1,2.497,22.425,B2M
ENST00000573618.1,45.877,2.034,RSL1D1
ENST00000506395.1,7.891,0.153,ANXA5
ENST00000227756.4,0.357,3.023,GALNT18
ENST00000277945.7,20.152,0.444,TCF7L2
ENST00000488497.3,3.076,0.170,U2SURP
ENST00000253814.4,0.268,5.069,NDFIP1
ENST00000584583.1,138.836,1.597,RPL23
ENST00000523636.1,27.286,1.243,PABPC1
ENST00000252250.6,6.376,93.176,KRT6C
ENST00000461690.1,321.453,12.874,RPL21
ENST00000075120.7,0.401,3.194,SLC2A3
ENST00000578354.1,21.935,0.633,SAP30BP
ENST00000563307.1,0.713,3.241,CSNK2A2
ENST00000271332.3,0.357,1.871,CELSR2
ENST00000607599.1,3.076,0.076,CHURC1
ENST00000397128.2,0.357,2.826,PRKAA1
ENST00000253692.7,0.134,0.861,TBC1D5
ENST00000498157.1,0.089,1.649,CELSR2
ENST00000480824.2,0.178,2.113,C6orf89
ENST00000397786.2,0.223,1.505,MED13
ENST00000308508.5,0.089,1.070,CSPG4
ENST00000523736.1,159.746,1.160,SH2D4A
ENST00000336824.4,0.312,1.758,FNDC3B
ENST00000534526.2,3.210,0.061,FGD4
ENST00000497741.1,5.484,37.305,RAC1
ENST00000393350.1,2.006,8.113,MAF
ENST00000397111.5,30.942,0.588,CARS
ENST00000444061.3,57.960,0.126,SMARCA4
ENST00000369085.3,1.070,7.092,BAG3
ENST00000355653.3,2.987,13.453,VAT1
ENST00000377103.2,0.847,6.881,THBD
ENST00000341872.6,0.268,2.974,LGALS8
ENST00000269122.3,0.892,6.130,CLTC
ENST00000290349.6,3.790,16.562,CBR1
ENST00000527826.1,20.865,0.128,RPS2
ENST00000543571.1,0.134,1.092,LATS1
ENST00000358918.3,0.089,0.931,APP
ENST00000296161.4,1.471,5.509,DTX3L
ENST00000598987.1,8.248,0.137,TECR
ENST00000556314.1,92.602,6.704,BAZ1A
ENST00000286800.3,0.134,3.349,BACH1
ENST00000353383.1,0.357,2.081,RAI1
ENST00000446572.2,3.478,0.049,POLR3GL
ENST00000507980.1,60.189,1.904,RPS23
ENST00000585421.1,1.338,6.350,TIMP2
ENST00000488834.1,18.280,0.431,SSR1
ENST00000294785.5,0.446,3.977,NCSTN
ENST00000243082.4,3.165,0.007,HOXC11
ENST00000485469.1,31.298,0.626,SETD8
ENST00000409321.1,8730.632,1.171,PTMA
ENST00000549136.1,6650.194,0.482,METAP2
ENST00000409174.1,0.268,5.222,HK2
ENST00000358993.2,285.161,0.960,SPANXC
ENST00000297293.5,0.401,2.025,LMTK2
ENST00000298767.5,0.134,1.254,WAPAL
ENST00000262861.4,0.803,3.030,SIPA1L2
ENST00000355665.3,116.677,3.241,YTHDC1
ENST00000554510.1,5.841,0.043,TTLL5
ENST00000492940.1,43.916,0.114,SEPT7
ENST00000375663.3,0.268,1.940,VARS
ENST00000470278.1,10.254,0.002,CDC42SE1
ENST00000228140.2,222.164,14.563,RPS13
ENST00000357325.5,31.967,0.971,HDGF
ENST00000608284.1,14.490,0.153,HDDC2
ENST00000390600.2,179.006,0.110,IGHV3-9
ENST00000371646.5,922.093,104.362,HSP90AB1
ENST00000438257.4,0.312,1.509,DIO2
ENST00000389680.2,831.185,4.107,MT-RNR1
ENST00000513908.1,41.865,2.299,ANKRD17
ENST00000297598.4,0.223,3.654,PDP1
ENST00000356321.4,0.223,2.425,ZNF770
ENST00000556539.1,0.535,3.927,STAT2
ENST00000316963.3,1.382,21.072,LYPLA1
ENST00000390325.2,2186.548,14.362,IGLC3
ENST00000369313.3,126.352,0.209,POLR3GL
ENST00000390294.2,27.063,0.072,IGLV1-47
ENST00000436644.2,3.388,13.079,PAIP1
ENST00000546989.1,183.910,3.369,RPLP0
ENST00000551956.1,44.005,0.455,KRT4
ENST00000474629.2,0.446,2.259,PARP14
ENST00000426431.2,0.669,2.454,SP1
ENST00000225174.3,7.981,22.120,PPIF
ENST00000606645.1,6.197,0.132,RP3-395M20.12
ENST00000518448.1,4.681,12.460,FAM83A
ENST00000502976.1,14.178,38.982,CNBP
ENST00000378954.4,0.847,9.216,ATL2
ENST00000284320.5,0.178,4.526,TOMM70A
ENST00000440465.1,1.025,7.525,NAMPTL
ENST00000484558.2,15.917,0.955,CHCHD10
ENST00000453337.1,11.057,0.639,HLA-DPA1
ENST00000454817.1,0.268,3.782,COL7A1
ENST00000601770.1,55.062,0.025,ANGPTL4
ENST00000315758.5,5.439,25.549,MDH2
ENST00000251772.4,0.178,2.236,PLXNA1
ENST00000254719.5,1.694,7.561,RPA1
ENST00000278505.4,0.357,4.742,ENDOD1
ENST00000464162.1,163.045,0.141,IGKV1-6
ENST00000524732.2,7.668,53.815,FABP5P7
ENST00000221214.6,2.006,0.144,MAPKBP1
ENST00000351986.6,14.980,43.264,NPM1
ENST00000597044.1,481.555,7.321,CTD-2031P19.4
ENST00000429293.1,9.496,0.200,RP5-997D16.2
ENST00000390633.2,37.807,0.179,IGHV1-69
ENST00000427426.1,61.214,0.327,RP5-857K21.7
ENST00000215582.6,0.312,3.032,MISP
ENST00000186436.5,16.407,1.548,TMEM131
ENST00000340006.2,3.344,15.826,CSRP1
ENST00000430553.2,7.847,30.006,LDHA
ENST00000504564.1,23.095,0.265,WDR70
ENST00000225972.7,3.076,9.683,LRRC59
ENST00000360943.5,1.159,10.791,UBE2Z
ENST00000338631.6,218.864,5.583,ACIN1
ENST00000296666.8,0.178,2.115,PRRC1
ENST00000409751.1,3.032,14.142,RAB1A
ENST00000409871.1,0.045,0.357,ZC3H6
ENST00000330394.2,0.803,4.663,EPHB3
ENST00000369626.3,0.446,15.954,SLC16A1
ENST00000550202.1,236.386,1.274,OS9
ENST00000552279.1,11.770,0.428,MARCH9
ENST00000256079.4,0.401,2.568,IPO8
ENST00000444322.2,1.560,8.970,PPP2R1A
ENST00000394123.3,0.223,1.245,G3BP1
ENST00000470718.1,468.046,1.287,PSME1
ENST00000564977.1,0.446,2.797,RP11-395B7.7
ENST00000344357.5,2.185,23.777,OLA1
ENST00000302528.7,1.248,5.168,CLIP1
ENST00000378204.2,0.268,3.454,EXT1
ENST00000493053.1,8.649,0.307,ATP5C1
ENST00000252725.5,1.338,16.499,ARPC1B
ENST00000601319.1,19.573,0.796,HERC3
ENST00000355619.5,0.535,2.967,FBXL3
ENST00000298198.4,0.089,2.651,PGM2L1
ENST00000507699.1,0.936,12.231,PALLD
ENST00000372627.5,36.202,3.405,TCEAL3
ENST00000538831.1,84.666,2.386,DNAJB11
ENST00000481072.1,22.827,0.455,SEPT6
ENST00000536631.1,0.357,5.318,SMU1
ENSTR0000381261.3,84.086,0.227,AKAP17A
ENST00000481297.1,21.935,0.092,COX7A1
ENST00000553886.1,238.437,0.018,SETP2
ENST00000581792.1,24659.132,0.624,MIR3648
ENST00000567224.1,0.223,1.850,WDR72
ENST00000356926.4,55.597,1.859,AP3D1
ENST00000509982.1,13.286,0.043,CDK11A
ENST00000467574.1,15.382,0.467,PDCD4
ENST00000269394.3,0.490,4.946,ZNF750
ENST00000468074.1,644.377,0.247,RP11-102M11.1
ENST00000471257.1,289.620,0.357,ARID4B
ENST00000323571.4,0.936,3.266,WIPF2
ENST00000601801.1,8.114,42.143,NEAT1
ENST00000356384.4,1.694,5.172,RXRA
ENST00000519124.1,9.006,0.043,ATAD2
ENST00000594797.1,64.959,4.995,PET100
ENST00000509107.1,25.190,0.325,HNRNPD
ENST00000223023.4,1.159,5.224,WASL
ENST00000484484.1,192.114,0.855,CARS
ENST00000314523.7,31.699,2.642,SUMO2
ENST00000390308.2,50.871,0.516,IGLV3-21
ENST00000516869.1,3383.146,20.732,RPPH1
ENST00000273038.3,0.312,3.021,VGLL4
ENST00000551812.1,0.268,2.135,BAZ2A
ENST00000245479.2,0.223,2.748,SOX9
ENST00000412585.2,9.496,119.304,HLA-B
ENST00000390549.2,868.636,35.006,IGHG1
ENST00000539199.1,171.917,5.397,AC004057.1
ENST00000574616.1,0.134,1.998,RP11-473I1.10
ENST00000472778.1,12.528,0.110,HNRNPK
ENST00000336219.3,0.892,5.863,CDCA4
ENST00000375530.4,37.986,0.076,EHMT2
ENST00000513163.1,0.045,1.918,FBXL5
ENST00000409645.1,0.223,1.828,MGAT5
ENST00000367034.4,1.070,12.749,MRPL18
ENST00000554360.1,0.580,4.309,RP11-349A22.5
ENST00000356205.4,3.478,17.632,SLC39A1
ENST00000355693.4,10.834,40.117,COA4
ENST00000515638.1,8.828,0.188,EIF4E
ENST00000548071.1,1.025,42.082,LUM
ENST00000373647.4,0.535,2.440,RABGAP1
ENST00000508737.1,11.949,0.354,FAM114A1
ENST00000393467.1,1.828,10.522,CAV1
ENST00000393811.2,2.318,0.128,R3HDM2
ENST00000393000.3,3.255,23.690,RNF7
ENST00000250366.6,0.312,2.905,KLK9
ENST00000264932.6,1.962,7.794,SDHA
ENST00000460675.1,1.025,23.266,COMMD6
ENST00000339497.5,4.057,0.148,CCNY
ENST00000367467.3,0.089,0.864,SASH1
ENST00000389462.4,421.545,0.247,PTMS
ENST00000425032.3,14.534,1.021,USP8
ENST00000378565.5,6.286,47.903,ITM2B
ENST00000374975.3,15.605,0.334,HLA-DRB5
ENST00000312561.4,0.312,2.003,KIAA1551
ENST00000577407.1,73.386,3.990,RPL23
ENST00000496318.1,21.133,0.890,HLA-DQA1
ENST00000221972.3,7.802,0.025,CD79A
ENST00000324306.6,1.338,4.098,ZKSCAN1
ENST00000452197.1,39.814,0.401,GAS5
ENST00000473620.1,59.163,2.481,PPDPF
ENST00000421364.1,1.605,0.038,ARID4B
ENST00000274276.3,0.624,5.764,OSMR
ENST00000305135.5,0.936,3.896,YEATS2
ENST00000559133.1,0.178,1.462,FBN1
ENST00000506644.3,171.115,0.875,ZMAT2
ENST00000264977.3,0.134,1.476,PPP2R3A
ENST00000566078.1,8.337,0.034,CTCF
ENST00000538521.1,7.089,31.610,PDIA3
ENST00000420625.2,4.503,17.257,PLS3
ENST00000479035.2,15.827,0.866,RPL23
ENST00000371322.5,0.223,2.788,CUL4B
ENST00000249822.4,0.758,3.234,ARPP19
ENST00000473726.1,67.634,0.267,IGKV1-33
ENST00000514251.1,0.089,1.819,ZBTB38
ENST00000439174.2,0.535,4.172,GNA13
ENST00000557381.1,2.185,0.045,CHD2
ENST00000550917.1,14.356,0.310,RP11-278C7.1
ENST00000340958.2,16.362,55.769,CLDN4
ENST00000345084.5,32.903,2.153,MRPS5
ENST00000380244.3,4.458,14.072,FUS
ENST00000366621.3,0.847,10.288,KCNK1
ENST00000560793.2,0.089,4.461,CERS2
ENST00000264716.4,1.293,5.242,FOSL2
ENST00000341372.3,4.815,18.188,TPM3
ENST00000398398.2,14.668,0.018,MBD2
ENST00000465203.1,30.496,0.209,SLMAP
ENST00000375398.2,5.974,0.101,SVIL
ENST00000359039.4,0.134,1.198,KLHL9
ENST00000368701.1,67.010,6.442,S100A14
ENST00000493298.1,18.458,0.191,TM4SF1
ENST00000390237.2,3775.800,115.962,IGKC
ENST00000354193.4,2.051,0.081,SVIP
ENST00000417226.2,0.223,3.557,HMCES
ENST00000302926.2,0.178,1.675,NLGN2
ENST00000463165.1,0.758,4.585,PLXNB2
ENST00000356454.3,1.471,9.515,SOWAHC
ENST00000380332.3,109.677,3.649,CALML5
ENST00000314118.4,2.943,0.150,PIGX
ENST00000474991.1,138.033,7.527,S100A16
ENST00000343815.6,1.293,4.804,UBAP2L
ENST00000462328.1,145.077,0.045,DDX27
ENST00000540828.2,45366.623,15.364,PTMS
ENST00000602644.1,5.038,0.009,ENKD1
ENST00000327892.8,18.235,56.392,TUBB
ENST00000541463.2,3.388,0.090,KIF21A
ENST00000424649.2,1.650,6.112,PXN
ENST00000326624.2,0.178,1.819,ZBTB33
ENST00000422453.2,7.356,22.611,CNBP
ENST00000292614.5,2.943,15.364,POLR2J
ENST00000258960.2,0.268,4.327,NMT1
ENST00000368804.1,118.104,0.029,TCHH
ENST00000344035.6,6.465,0.375,PTP4A2
ENST00000413307.2,3.121,0.094,CAMSAP2
ENST00000543351.1,2.541,12.415,VDAC2
ENST00000553314.1,40.661,0.094,TIMELESS
ENST00000159087.4,4.815,0.372,ANO8
ENST00000389793.2,0.178,0.855,LYST
ENST00000257904.6,1.427,6.045,CDK4
ENST00000204961.4,2.140,15.689,EFNB1
ENST00000264255.3,0.847,6.787,TXNDC9
ENST00000329399.6,5.930,25.792,PDLIM1
ENST00000575329.1,20.286,0.036,PELP1
ENST00000453166.2,190.286,2.254,IGKV2D-28
ENST00000603059.2,46.992,0.177,NANOGNBP3
ENST00000580376.1,69.284,0.368,FTSJ3
ENST00000341627.5,2.318,16.228,TNFRSF12A
ENST00000544008.1,20.063,0.220,MYEOV
ENST00000319080.7,0.624,2.324,MLXIP
ENST00000447725.2,3.522,0.132,RP4-758J18.2
ENST00000537303.1,168.707,0.128,AKAP8
ENST00000301246.5,765.290,59.828,C19orf33
ENST00000376832.4,0.312,2.905,KLK9
ENST00000367602.3,0.892,3.198,QSOX1
ENST00000336083.3,1.783,23.156,RAB6A
ENST00000570539.1,0.401,18.417,SRRM2
ENST00000565380.1,2.274,0.031,ZNF106
ENST00000550595.1,582.405,3.008,HSP90B1
ENST00000398557.4,0.312,2.615,DIAPH1
ENST00000303210.4,13.554,0.220,GNB2
ENST00000573216.1,23.986,0.195,BSG
ENST00000420712.1,1836.294,56.773,RPL37A
ENST00000393045.2,0.580,3.968,PIAS3
ENST00000534336.1,4.280,33.806,MALAT1
ENST00000243924.3,32.502,547.874,PI3
ENST00000553714.1,0.803,65.420,ERO1L
ENST00000357799.4,0.223,1.868,SGOL2
ENST00000367178.3,4.949,0.191,SCAF8
ENST00000263339.3,0.446,9.470,IL1A
ENST00000262193.6,13.598,63.298,PSMB1
ENST00000040584.4,10.210,0.070,HOXC8
ENST00000379958.2,1.605,6.953,SAMD9
ENST00000567101.2,44.718,1.523,HOXB7
ENST00000366610.3,0.223,2.519,IRF2BP2
ENST00000368635.4,5.707,16.519,MARCKS
ENST00000393409.2,0.178,2.236,PLXNA1
ENST00000216281.8,108.875,296.369,HSP90AA1
ENST00000393609.3,0.223,4.304,ARAP1
ENST00000390290.2,79.717,1.169,IGLV1-51
ENST00000262982.2,1.917,7.648,CSE1L
ENST00000553151.1,1253.577,3.974,METAP2
ENST00000552235.1,656.103,0.218,ZCRB1
ENST00000530480.1,2.095,21.088,ANO1
ENST00000447927.2,24.388,1.501,EIF6
ENST00000265523.4,2.853,12.397,BLVRA
ENST00000253083.4,0.758,3.598,HIP1R
ENST00000371497.5,63.131,0.186,TSHZ2
ENST00000346623.6,0.847,4.001,ALDH1A3
ENST00000317508.6,1.204,8.624,PRSS8
ENST00000512576.1,4.726,17.017,PAICS
ENST00000546260.1,9.809,26.512,SOD2
ENST00000554902.1,26.171,1.586,PNN
ENST00000373357.3,169.866,0.895,PBDC1
ENST00000414273.1,1203.197,10.495,hsa-mir-6723
ENST00000296861.2,0.981,9.070,TNFRSF21
ENST00000239938.4,4.236,16.279,EGR1
ENST00000571133.1,2.318,7.440,RSL1D1
ENST00000371205.4,2.720,0.040,ENTPD1
ENST00000501122.2,1.917,17.858,NEAT1
ENST00000416865.2,2.318,0.025,ERBB2IP
ENST00000302637.5,1.382,8.721,IARS2
ENST00000443875.1,0.892,7.639,C1S
ENST00000395848.1,168.127,2.609,NCOR1
ENST00000374291.1,1.427,10.196,STMN1
ENST00000395168.3,20.509,0.467,ARID4A
ENST00000519362.1,4.146,0.191,SPIDR
ENST00000360121.3,1.516,0.056,SPN
ENST00000403607.2,0.178,5.044,TENM2
ENST00000397519.2,26.572,1.687,PSIP1
ENST00000471488.1,361.490,0.292,HDAC1
ENST00000447032.1,44.584,2.844,RBM17
ENST00000305103.3,9.184,0.655,COMMD5
ENST00000261590.8,0.312,6.377,DSG2
ENST00000214893.5,0.357,1.877,ERMP1
ENST00000559228.1,0.312,1.393,FAM63B
ENST00000544180.2,1.338,7.406,PYGL
ENST00000431606.2,368.623,7.072,MED19
ENST00000245458.6,10045.779,981.184,RPS29
ENST00000526862.1,15.872,0.265,HSPA8
ENST00000375215.3,10.210,0.260,SMIM5
ENST00000585409.2,81.634,4.811,LSM7
ENST00000286091.4,2.809,15.178,PDIA4
ENST00000369486.3,1.739,6.244,IGSF3
ENST00000435719.1,10.834,0.045,CAP1
ENST00000588606.1,243.163,0.352,SMIM22
ENST00000540098.1,0.178,1.460,MPP7
ENST00000310823.3,0.268,4.013,ADAM17
ENST00000262844.5,0.669,3.151,AMMECR1
ENST00000507642.1,33.527,1.211,RPL37
ENST00000225388.4,0.624,2.638,NUFIP2
ENST00000257189.4,4.057,54.454,DSG3
ENST00000242059.5,0.490,5.549,SCRN1
ENST00000369287.3,0.134,1.256,C10orf118
ENST00000368235.3,0.446,22.535,APOA1BP
ENST00000581917.1,6.732,0.379,RP11-421E14.2
ENST00000447319.1,356.229,1.561,HMGN5
ENST00000390305.2,30.852,0.561,IGLV3-25
ENST00000507939.1,16.229,0.130,ETF1
ENST00000498491.1,1.560,28.052,FLNA
ENST00000503373.1,236.564,1.216,POLR3G
ENST00000561217.1,2.943,23.044,TNFAIP2
ENST00000342505.4,0.847,3.999,JAK1
ENST00000332290.2,0.401,2.790,C6orf120
ENST00000025301.2,0.178,1.088,AKAP11
ENST00000361050.3,3.522,0.161,MPEG1
ENST00000265362.4,0.089,1.579,SEMA3A
ENST00000375650.3,3.299,27.779,HSPA1B
ENST00000258418.5,2.274,9.517,CAB39
ENST00000265896.5,3.032,9.808,SQLE
ENST00000382554.3,0.089,1.178,NYNRIN
ENST00000395812.2,1.650,0.058,CAST
ENST00000335987.3,0.847,4.031,OVOL1
ENST00000368809.1,40.438,177.495,S100A10
ENST00000569046.1,7637.871,27.584,RP11-673C5.1
ENST00000295238.6,0.178,1.622,CCNT2
ENST00000421249.2,57.514,0.262,KIAA1429
ENST00000352861.4,3183.096,48.277,SEC61G
ENST00000368209.5,1.025,28.714,HDGF
ENST00000368729.4,0.624,8.472,S100A7A
ENST00000260585.7,0.312,1.929,EPT1
ENST00000373017.1,22.381,1.148,LCN2
ENST00000544625.1,1.204,11.861,DNAJA1
ENST00000402849.1,44.183,2.153,SNRPD3
ENST00000420083.1,4.369,0.148,ILF3
ENST00000561623.1,23.184,0.819,GTF3C1
ENST00000356937.3,2.764,0.065,CDK11A
ENST00000304916.3,0.535,3.878,FAM84B
ENST00000346249.4,5.439,17.347,TPD52L2
ENST00000483158.1,228.272,0.792,IGKV3-11
ENST00000416195.1,1.204,7.713,SP3
ENST00000491963.1,6.911,0.016,DDX52
ENST00000265343.5,0.357,2.539,AFF4
ENST00000479067.1,55.062,0.195,MIER1
ENST00000515742.1,563.456,0.610,DEK
ENST00000322611.3,2.943,16.138,BASP1
ENST00000220822.7,0.223,1.976,GDAP1
ENST00000471839.1,9.898,0.126,CIZ1
ENST00000549763.1,1191.694,0.778,BAZ2A
ENST00000375391.1,3.879,0.112,TMCO3
ENST00000337387.4,1.159,8.066,WTAP
ENST00000366812.5,1104.531,6.617,ACBD3
ENST00000514568.2,12.617,0.031,RP11-20D14.6
ENST00000360938.3,3.745,11.968,ETS2
ENST00000542321.2,0.357,2.461,RGMA
ENST00000508482.1,29.693,0.574,LUC7L3
ENST00000575870.1,308.434,6.202,SRRM2
ENST00000589877.1,20.955,0.083,SMAD2
ENST00000361786.2,0.178,1.563,KIAA1737
ENST00000598098.1,107.136,2.499,RPS5
ENST00000550367.1,18.859,1.435,TUBA1B
ENST00000227524.4,3.700,12.527,PRPF19
ENST00000296577.4,1.025,8.034,ABCE1
ENST00000250784.8,31.432,1.545,RPS4Y1
ENST00000282441.5,2.408,7.411,YAP1
ENST00000357604.5,72.672,2.582,UPF2
ENST00000299698.7,1.917,11.055,A2ML1
ENST00000307602.4,0.178,1.144,HOOK3
ENST00000338380.2,74.367,193.203,SLPI
ENST00000396070.2,602.557,12.484,RPL30
ENST00000301843.8,11.815,45.989,CTTN
ENST00000377493.5,26.260,1.960,PARK7
ENST00000322157.4,1.427,10.288,NPEPPS
ENST00000272274.4,13.732,94.379,RPL21
ENST00000531253.1,13.999,0.119,MYO18A
ENST00000374902.4,0.401,2.505,TEX10
ENST00000216019.7,0.178,2.537,DDX17
ENST00000301740.8,0.892,9.436,SRRM2
ENST00000216038.5,1.873,9.541,RTCB
ENST00000358075.6,1.783,9.941,MAGT1
ENST00000312010.6,11.770,0.260,USP36
ENST00000526893.1,8.694,0.258,IGLL5
ENST00000548577.1,53.947,2.097,RNASEK
ENST00000436683.2,20.286,0.036,PELP1
ENST00000479544.2,2.229,0.036,USP42
ENST00000304636.3,0.892,33.608,COL3A1
ENST00000266517.4,0.134,1.608,ETNK1
ENST00000359470.5,0.981,3.851,C1orf116
ENST00000376511.2,0.223,2.205,PPP1R10
ENST00000311208.8,200.451,1783.356,KRT17
ENST00000295522.3,0.758,22.272,CLDN1
ENST00000578845.2,1.694,15.517,CDKN2A
ENST00000351500.3,43.247,2.846,PFDN5
ENST00000222693.4,1.338,15.763,CAV2
ENST00000394709.1,0.713,5.127,HSPA2
ENST00000382873.3,0.089,1.963,FECH
ENST00000561006.1,27.553,1.187,PPP2R5C
ENST00000327367.4,0.758,4.589,SMAD3
ENST00000300026.3,20.598,65.097,PPIB
ENST00000265748.2,0.490,3.995,ANLN
ENST00000272462.2,11.012,29.102,MALL
ENST00000468313.1,1.204,9.510,KRT13
ENST00000420115.2,1.338,9.912,CDV3
ENST00000369975.1,1724.075,2.292,MYO6
ENST00000497539.1,1.427,6.177,SNRNP200
ENST00000544619.1,0.624,3.263,CAND1
ENST00000216484.2,0.089,2.813,SPTLC2
ENST00000450791.2,0.178,1.812,GOLGA3
ENST00000356661.5,7.133,0.009,MAGEA1
ENST00000366672.4,1.962,9.086,GALNT2
ENST00000534699.1,0.713,5.565,CSDE1
ENST00000265000.4,0.312,5.679,GALNT7
ENST00000408042.1,2.898,0.222,KIF16B
ENST00000488174.1,0.178,3.916,OGT
ENST00000369026.2,12.082,32.834,MCL1
ENST00000267163.4,0.178,4.206,RB1
ENST00000490032.1,154.485,0.314,HMGN1
ENST00000586197.1,68.526,0.141,PPP1R12C
ENST00000349264.6,7.758,182.928,B2M
ENST00000368172.1,0.178,4.558,KIRREL
ENST00000441714.1,4.458,16.851,BCAP31
ENST00000558506.1,1.694,12.338,EIF5
ENST00000361851.1,2456355.840,7016.943,MT-ATP8
ENST00000215957.6,0.446,2.736,MICALL1
ENST00000309083.6,202.859,13.940,PTMS
ENST00000356634.3,0.357,5.190,KDM1A
ENST00000366553.1,0.223,2.355,CHML
ENST00000463639.1,159.612,2.142,BRD2
ENST00000414046.2,0.535,6.493,HCP5
ENST00000509255.1,29.782,0.570,DDX46
ENST00000419884.1,0.401,4.887,LRPPRC
ENST00000455342.2,373.929,1.068,ZNF326
ENST00000234160.4,0.535,5.845,GORASP2
ENST00000525914.1,16.675,0.301,LMO7
ENST00000283752.5,2.095,40.434,SERPINB3
ENST00000285518.6,0.268,3.174,AGPAT5
ENST00000599109.1,675.675,0.110,CTD-2619J13.8
ENST00000460089.1,45.699,0.489,KIN
ENST00000581110.1,18.190,0.345,FAM104A
ENST00000549690.1,17.388,0.110,LYZ
ENST00000560371.1,0.134,1.451,TRAF3
ENST00000264868.5,0.401,3.784,SEL1L3
ENST00000494853.1,11.815,0.184,CLEC16A
ENST00000262467.5,0.178,1.954,NLRP1
ENST00000320031.8,1.248,12.038,ITGA3
ENST00000476784.1,0.268,2.420,TTC3
ENST00000558577.1,9.853,0.193,RP11-152F13.3
ENST00000409181.1,12.082,0.283,SUMO1
ENST00000393203.2,1.115,11.152,PTGFRN
ENST00000342960.5,34.642,0.249,NBPF10
ENST00000262919.5,0.178,1.148,ATRN
ENST00000367866.2,0.045,0.801,POU2F1
ENST00000390015.3,1.828,7.532,GAA
ENST00000434927.1,14.936,0.428,RBM39
ENST00000360325.7,7.490,25.157,CLDN7
ENST00000382891.5,0.446,1.770,WHSC1
ENST00000249116.2,1.605,13.743,APOBEC3A
ENST00000338983.3,0.357,4.800,MLTK
ENST00000267116.7,0.312,1.319,ANKRD52
ENST00000367451.4,6.376,0.301,UCHL5
ENST00000355296.4,0.401,4.008,DNAJA3
ENST00000322048.7,5.350,0.209,ROGDI
ENST00000373930.3,0.089,2.364,MEGF9
ENST00000231061.4,0.758,13.014,SPARC
ENST00000530199.1,16.942,0.294,SVIP
ENST00000567289.1,1.516,0.029,SIN3A
ENST00000567367.1,316.415,1.090,KNOP1
ENST00000421852.1,0.312,3.149,TMEM41A
ENST00000306917.4,0.401,2.640,FEM1B
ENST00000473330.1,4.057,18.628,FSCN1
ENST00000361246.2,1.382,8.754,CDC42BPB
ENST00000379412.5,2.185,80.851,LDHA
ENST00000344063.2,13.687,1.395,RPL28
ENST00000358171.3,3.879,23.914,SERPINH1
ENST00000456466.1,6.955,0.157,RNF213
ENST00000393651.3,1.516,5.056,SRPK2
ENST00000265087.4,0.178,1.996,STC2
ENST00000534074.1,0.535,5.937,MTCH2
ENST00000244007.3,0.178,2.651,PLCG1
ENST00000371989.3,1.650,14.157,SURF4
ENST00000449142.2,9.452,0.137,SLC24A1
ENST00000311852.6,1.828,16.726,MMP14
ENST00000355683.5,1.025,4.905,STRN3
ENST00000225276.5,0.401,4.580,ST6GALNAC2
ENST00000393743.3,0.134,2.019,DDX60
ENST00000341049.2,1.560,22.284,CAV1
ENST00000567674.1,3.522,15.636,CDH3
ENST00000532545.1,51.406,0.007,EPS8L2
ENST00000370630.5,1.070,0.036,CTBS
ENST00000371142.4,1.115,5.219,TM9SF3
ENST00000439880.2,1.427,12.998,CDC25B
ENST00000478508.1,389.934,13.592,NOP58
ENST00000182527.3,0.268,1.422,TRAM2
ENST00000277900.8,0.490,6.529,ADD3
ENST00000434618.2,1.382,7.774,TAPBP
ENST00000269195.5,2.051,9.838,GALNT1
ENST00000262384.3,0.535,3.385,N4BP1
ENST00000506002.1,2398.903,13.599,MTND6P4
ENST00000367021.3,8.917,35.355,IRF6
ENST00000474363.1,0.223,1.637,TBL1XR1
ENST00000545521.1,17.210,1.339,MAZ
ENST00000382815.4,38.075,1.191,KDM5A
ENST00000525508.1,14.757,0.094,CHD7
ENST00000309311.6,43.068,107.901,EEF2
ENST00000370631.3,0.223,2.290,PI4K2A
ENST00000390616.2,71.914,0.381,IGHV4-34
ENST00000470985.2,27.107,1.806,LDHB
ENST00000566906.2,15.560,0.790,MAZ
ENST00000264144.4,2.006,45.947,LAMC2
ENST00000553565.1,19.885,0.092,SNW1
ENST00000228306.4,8.070,37.865,RPLP0
ENST00000377970.2,2.229,17.181,MYC
ENST00000512158.1,9.051,46.572,CXCL14
ENST00000416070.1,1.783,12.742,GTF2I
ENST00000309446.6,0.089,2.259,KLF7
ENST00000309900.7,1.338,0.013,HYDIN
ENST00000395468.4,1.070,5.630,MAPK1IP1L
ENST00000554357.1,0.312,2.653,TRIP11
ENST00000393310.1,1.204,5.861,LIMS1
ENST00000361236.3,4.949,14.882,TMEM123
ENST00000310144.6,0.178,13.047,PSMC5
ENST00000361475.2,0.401,2.656,TGM2
ENST00000518611.1,1.248,8.247,BNIP3L
ENST00000264651.2,23.674,0.031,KRT24
ENST00000430435.1,3110.201,0.341,MYO6
ENST00000541152.2,2.541,11.627,SEPT9
ENST00000367264.2,0.847,5.832,KDM5B
ENST00000394803.5,2.987,10.943,UBE2D3
ENST00000246868.2,6.019,19.262,SBDS
ENST00000253122.5,1.382,11.452,SLC6A8
ENST00000252245.5,0.401,11.412,KRT75
ENST00000297785.3,6.509,0.283,ALDH1A1
ENST00000368317.3,5.306,0.083,RSPO3
ENST00000367210.1,0.981,6.902,ZC3H11A
ENST00000357266.4,0.713,9.752,FKBP5
ENST00000344423.5,2.006,8.133,ZNF395
ENST00000260818.6,0.089,2.216,DNAJC13
ENST00000476772.1,12.082,0.469,VEGFA
ENST00000296591.5,0.178,2.420,EDIL3
ENST00000519565.1,0.089,1.384,RNF217
ENST00000252029.3,5.796,21.012,TYMP
ENST00000254801.4,30.763,0.480,IGJ
ENST00000344517.4,0.223,2.048,ABCB10
ENST00000368732.1,254.131,7.341,S100A8
ENST00000569912.1,4.503,0.011,RP3-496C20.1
ENST00000422875.1,1.159,0.034,TRAPPC10
ENST00000478464.1,5.395,0.074,MRPS22
ENST00000493293.1,0.669,4.887,LAMC2
ENST00000395734.3,0.223,4.006,MAP4
ENST00000275418.7,0.713,5.011,ESYT2
ENST00000371335.4,0.357,8.947,LAMP2
ENST00000319211.4,0.223,2.905,F2R
ENST00000542815.3,10.254,0.011,ZEB1
ENST00000600671.1,27.954,0.011,CTB-176F20.3
ENST00000491306.1,114.715,3.089,RPL37A
ENST00000271628.8,1.739,9.615,SF3B4
ENST00000276461.5,0.535,3.268,ERLIN2
ENST00000400773.1,0.669,5.058,FBLIM1
ENST00000302217.5,85.691,0.330,MAP4K4
ENST00000534163.1,33.349,0.020,SETP17
ENST00000503026.1,5.885,26.085,CCT5
ENST00000435319.4,0.981,4.567,TOR1AIP1
ENST00000365494.1,992.714,12.915,SNORD3A
ENST00000398240.2,2.140,0.117,UHRF1
ENST00000307630.3,4.458,23.432,YWHAG
ENST00000432353.1,35.578,0.740,THOC2
ENST00000370995.2,0.089,10.591,SERBP1
ENST00000299502.4,1.471,13.063,SERPINB2
ENST00000390624.2,38.521,0.334,IGHV3-48
ENST00000567270.1,30.942,1.492,COX5A
ENST00000281092.4,0.268,1.173,FER
ENST00000350803.4,253.774,12.809,PPM1G
ENST00000334976.6,1.025,6.502,EMC10
ENST00000508493.1,1438.423,164.136,RPL37
ENST00000342480.6,8.783,0.186,PODXL2
ENST00000278849.4,132.683,1.270,INCENP
ENST00000588282.1,1.828,16.024,SYNGR2
ENST00000347364.3,7.312,0.197,MKKS
ENST00000556484.1,7.312,0.123,PPP2R5E
ENST00000377648.4,28.623,1.209,PHF13
ENST00000334220.4,3.478,14.967,DLST
ENST00000301015.9,38.655,2.918,PIEZO1
ENST00000298406.6,0.357,2.521,NAA30
ENST00000358655.4,0.134,12.971,WARS
ENST00000360467.5,0.580,7.635,COL4A2
ENST00000381795.6,8.159,0.467,RBM47
ENST00000262238.4,1.516,5.087,YY1
ENST00000502613.1,0.134,1.083,BMP2K
ENST00000532004.1,254.799,10.665,RPLP2
ENST00000359843.3,0.045,3.896,FOXM1
ENST00000283195.6,0.268,1.566,RANBP2
ENST00000463114.1,11.637,0.025,NAA16
ENST00000347617.6,5.751,21.546,HMGA1
ENST00000562834.1,0.936,7.882,RP3-523K23.2
ENST00000450814.2,0.803,11.286,TKT
ENST00000371157.3,1.650,5.558,STAG2
ENST00000295317.3,0.981,10.100,RNF149
ENST00000443364.1,21.802,0.422,RP11-48O20.4
ENST00000380171.3,16.719,0.247,ATRAID
ENST00000462286.2,3.388,0.034,STAT3
ENST00000555122.1,0.178,2.335,AHNAK2
ENST00000388913.3,2.274,7.137,FAM83H
ENST00000369466.4,0.089,0.693,TTF2
ENST00000280612.5,0.089,5.540,SLC7A11
ENST00000372164.3,1.025,4.275,TSPAN14
ENST00000420397.1,1.070,8.682,MARCH7
ENST00000413967.1,2.051,0.036,EIF4G1
ENST00000262213.2,1.427,8.763,TRAM1
ENST00000370515.3,87.341,0.511,SPANXD
ENST00000272748.4,0.357,2.804,KIAA1715
ENST00000342745.4,0.178,5.372,KIAA0247
ENST00000382070.3,1.560,0.018,CREBBP
ENST00000206765.6,6.376,58.857,TGM1
ENST00000370949.1,0.580,4.681,SRSF11
ENST00000274289.3,1.783,7.962,PLK2
ENST00000264828.3,0.134,1.276,COL5A3
ENST00000380084.4,5.216,0.087,RBBP7
ENST00000327669.4,1.159,4.706,FAM110C
ENST00000421367.2,0.178,1.785,ERLIN1
ENST00000478061.1,24.031,0.653,RBM28
ENST00000334256.4,0.580,2.963,KPNA4
ENST00000476562.1,0.223,1.756,ELMSAN1
ENST00000272227.3,12.038,32.148,PDIA6
ENST00000525785.1,15.560,0.238,C11orf57
ENST00000560944.1,57.781,1.292,CERS3
ENST00000574255.1,29.604,0.191,ELP5
ENST00000397239.3,3.478,12.132,DEK
ENST00000327741.5,5.261,0.081,KRT81
ENST00000335255.5,0.268,2.514,FOXK2
ENST00000366615.4,3.210,22.542,COA6
ENST00000356341.3,0.178,9.044,PAK1
ENST00000367549.3,0.981,6.554,DHX9
ENST00000265354.4,0.223,2.104,SRF
ENST00000409849.1,11.012,0.684,ANKZF1
ENST00000369983.3,0.268,1.662,GBF1
ENST00000439686.2,184.891,7.182,ARL6IP4
ENST00000544915.1,0.624,3.761,ARNTL2
ENST00000480999.1,8.694,0.079,TRIM26
ENST00000305877.8,0.268,1.727,BCR
ENST00000383861.1,827.083,24.726,RNU1-28P
ENST00000394826.4,19.037,0.783,NSRP1
ENST00000391751.3,185.114,10.017,RPS9
ENST00000416931.1,4332.569,2.750,MTND1P23
ENST00000354725.3,1.873,8.169,SND1
ENST00000521288.1,6.331,0.011,NUDT16
ENST00000544271.1,17.210,0.536,BAD
ENST00000331483.4,6.777,23.230,P4HB
ENST00000537526.2,1.873,5.661,USP22
ENST00000395044.3,3.834,19.617,VDAC1
ENST00000350092.4,4.860,15.086,PTBP1
ENST00000357164.3,2.229,9.613,GM2A
ENST00000464167.1,22.203,1.588,RPL35A
ENST00000358056.3,0.401,4.609,GMFB
ENST00000390543.2,167.057,10.672,IGHG4
ENST00000225964.5,2.185,49.596,COL1A1
ENST00000285071.4,0.223,2.810,FLCN
ENST00000262225.3,4.369,22.358,TMED2
ENST00000287667.7,0.535,2.871,NOMO1
ENST00000383657.5,0.892,6.179,PTPLB
ENST00000543796.1,0.892,8.730,RAN
ENST00000367324.3,13.955,94.802,PKP1
ENST00000413447.1,49.979,0.153,CYCS
ENST00000378168.2,0.089,1.705,CASK
ENST00000552147.1,25.948,1.012,NAP1L1
ENST00000357065.4,1.873,8.727,HNRNPF
ENST00000574379.2,79.672,1.009,C17orf85
ENST00000563732.1,14.490,0.094,PPP4C
ENST00000594309.1,29.693,0.083,FBL
ENST00000447377.1,14.668,0.379,DCAF8
ENST00000268482.3,0.312,2.001,DHX38
ENST00000506223.1,37.362,0.292,SMAD5
ENST00000264156.2,0.936,5.522,MCM6
ENST00000338435.4,1.159,9.851,GLS
ENST00000441074.2,49.622,1.554,LTBR
ENST00000586803.1,24.923,0.720,CALR
ENST00000452476.1,58.762,1.815,LYAR
ENST00000430580.2,44.361,0.538,NBPF1
ENST00000296122.6,2.675,26.386,PPP1CB
ENST00000373501.2,33.260,1.483,ZBTB8OS
ENST00000519276.1,0.223,2.651,UBLCP1
ENST00000375294.4,11.191,0.144,UPF3AP2
ENST00000502802.1,33.438,0.691,HMGB1P3
ENST00000296412.8,0.713,5.453,ADH5
ENST00000277541.6,0.089,0.955,NOTCH1
ENST00000245185.5,15.872,96.052,MT2A
ENST00000532317.1,2.095,13.610,PICALM
ENST00000286713.2,0.312,11.639,STOM
ENST00000273398.3,1.694,5.390,ATP6V1A
ENST00000555062.1,1.516,19.776,DYNC1H1
ENST00000368395.1,1.025,10.113,MUC1
ENST00000306077.4,0.535,5.652,TMEM43
ENST00000297268.6,2.720,31.332,COL1A2
ENST00000496168.1,100.627,1.868,IGKV1-5
ENST00000337288.5,1.560,9.373,STARD7
ENST00000193403.6,2.408,28.959,ACTN1
ENST00000586839.1,7.802,0.061,AES
ENST00000357790.5,1772.583,167.965,RPLP1
ENST00000263464.3,0.847,4.865,BIRC3
ENST00000481999.1,0.446,4.457,CHD3
ENST00000456936.3,1.382,4.901,TMED7
ENST00000320580.4,0.178,4.683,PACS1
ENST00000361899.2,678911.336,3196.365,MT-ATP6
ENST00000280333.6,0.134,1.047,DOCK1
ENST00000371158.2,0.089,1.191,INADL
ENST00000259470.5,0.624,20.139,CTSV
ENST00000394196.4,0.401,3.786,CHD2
ENST00000421471.1,182.840,0.884,MCM3
ENST00000399598.2,0.178,1.577,UBXN2B
ENST00000395718.2,1.783,12.105,FRMD6
ENST00000509877.1,389.444,6.058,RPL37
ENST00000390321.2,741.615,13.130,IGLC1
ENST00000566012.1,29.114,1.828,ALDOA
ENST00000380817.3,0.268,1.913,SBF1
ENST00000331272.7,33.438,1.837,FBXW4
ENST00000409104.3,1180.681,0.460,SET
ENST00000544573.1,0.178,13.191,TGM1
ENST00000564043.1,6.063,22.730,NQO1
ENST00000539516.1,177.981,0.025,SLC24A1
ENST00000488492.1,9.318,0.384,MRPS6
ENST00000361227.2,1715414.097,3005.091,MT-ND3
ENST00000418539.1,18.146,0.509,BCYRN1
ENST00000503252.1,1.025,6.368,LPCAT1
ENST00000428154.1,1.070,5.834,PMPCB
ENST00000499732.1,2.586,64.224,NEAT1
ENST00000450176.1,53.724,0.215,KIF16B
ENST00000265361.3,0.312,3.279,SEMA3C
ENST00000228741.3,1.382,5.154,ELK3
ENST00000390542.2,59.431,1.476,IGHG1
ENST00000574723.1,161.083,0.478,RPS15A
ENST00000374212.4,0.223,2.304,SLC31A1
ENST00000265138.3,0.490,3.006,ARRDC3
ENST00000395881.3,18.012,0.276,RTFDC1
ENST00000489707.1,0.490,5.345,PTK7
ENST00000454885.2,17.210,0.666,ARL6IP4
ENST00000474056.1,25.190,0.825,UPF3A
ENST00000369705.3,0.535,3.268,ME1
ENST00000393747.2,13.242,0.094,CTTN
ENST00000548273.1,1163.338,0.222,NAP1L1
ENST00000537456.1,5.261,30.221,PGK1
ENST00000413852.1,0.268,3.371,SEMA3F
ENST00000450622.1,21.935,0.188,SEC61G
ENST00000339464.4,0.446,2.873,WNT7B
ENST00000554539.1,25.368,0.805,HNRNPC
ENST00000361624.2,183886.972,3920.180,MT-CO1
ENST00000216277.8,0.892,11.199,PAPOLA
ENST00000262483.8,11.904,0.558,PITPNM3
ENST00000425460.1,1.025,5.338,MYH14
ENST00000341272.2,3.032,13.839,GSN
ENST00000561516.1,7.312,0.341,HN1L
ENST00000568717.1,38.164,0.301,PSMD7
ENST00000460138.1,3.968,0.135,TXNDC5
ENST00000354944.5,6.732,29.638,NDRG1
ENST00000426572.1,11.414,0.013,ZKSCAN1
ENST00000252999.3,0.758,3.124,LAMA5
ENST00000330914.3,3.968,0.224,TUBB
ENST00000452924.2,37.228,0.054,HMGB1P24
ENST00000256689.5,1.427,16.853,SLC38A2
ENST00000559952.1,9.853,0.193,RP13-996F3.3
ENST00000554882.1,1.070,4.748,HECTD1
ENST00000494313.1,23.808,0.857,AQP3
ENST00000390547.2,132.237,1.619,IGHA1
ENST00000387347.2,1307.256,8.893,MT-RNR2
ENST00000389879.5,1.605,6.312,CCNK
ENST00000458083.1,72.628,0.437,GPANK1
ENST00000358130.2,29.292,1.873,HMGN5
ENST00000263372.3,565.909,3.394,KCNK6
ENST00000381334.5,1.917,9.192,TMEM165
ENST00000233813.4,0.401,1.871,IGFBP5
ENST00000326764.5,0.045,0.841,LENG8
ENST00000565404.1,67.501,0.289,TCF25
ENST00000373626.3,30.451,0.375,RPS4X
ENST00000392872.3,0.357,2.754,TDG
ENST00000317702.5,2.541,16.445,TUBB6
ENST00000476916.1,18.770,0.150,KPNA1
ENST00000419534.2,6.688,0.153,ARL8B
ENST00000022615.4,3.656,18.224,VDAC3
ENST00000498128.1,15.827,0.119,GPBP1L1
ENST00000464916.1,1.828,12.843,COL1A2
ENST00000361066.2,1.204,24.973,GSTM3
ENST00000369851.4,3.879,14.207,GNAI3
ENST00000533498.1,101.964,5.679,RPL38
ENST00000455833.2,1.248,6.444,IFFO2
ENST00000396981.2,0.892,5.755,UBE2G1
ENST00000606149.1,2.318,20.716,PSMC6
ENST00000500626.2,103.123,0.018,RP11-29H23.5
ENST00000265734.4,0.178,4.733,CDK6
ENST00000312397.5,0.312,7.415,SART1
ENST00000279392.3,12.528,1.256,HIRIP3
ENST00000245323.4,0.401,4.970,EFNB2
ENST00000295087.8,0.490,4.921,ARL5A
ENST00000278742.5,4.236,14.144,ST14
ENST00000263239.2,0.936,7.635,DDX18
ENST00000522912.1,1334.051,1.072,SREK1
ENST00000607215.1,2.898,0.047,RP11-61I13.3
ENST00000566265.1,1.962,7.487,NDRG4
ENST00000239223.3,1.828,13.505,DUSP1
ENST00000384010.1,827.083,24.726,RNVU1-18
ENST00000372925.2,0.134,1.000,MACF1
ENST00000340934.5,0.847,4.217,BROX
ENST00000475218.2,11.280,1.052,UPF3A
ENST00000421306.3,54.527,0.283,PITPNM3
ENST00000496398.1,7.802,0.155,RPSAP58
ENST00000309027.4,9.318,0.368,GOLIM4
ENST00000340342.6,1.739,18.107,CTSL
ENST00000304992.6,1.204,7.509,PRPF8
ENST00000237305.7,1.293,17.365,SGK1
ENST00000510719.1,0.624,9.732,UBE2K
ENST00000339022.5,3.834,0.096,CYP2C18
ENST00000280904.6,1.739,6.630,DSC2
ENST00000369115.2,1474.626,2.588,ANP32E
ENST00000491410.1,1005.554,0.188,NRD1
ENST00000483970.2,18.235,0.884,HAX1
ENST00000301030.4,5.216,0.312,ANKRD11
ENST00000239666.4,1.962,10.587,PDZD11
ENST00000588830.1,323.192,1.788,RPL27
ENST00000399494.1,168.484,13.249,HMGB1
ENST00000371222.2,2.943,11.980,JUN
ENST00000260665.7,0.803,5.367,LRPPRC
ENST00000343986.4,5470.003,476.421,RPS21
ENST00000348165.5,0.892,3.923,UBE3C
ENST00000525297.1,120.957,4.650,FAU
ENST00000538548.1,3.032,0.141,SFSWAP
ENST00000299300.6,2.720,13.594,CCT2
ENST00000399959.2,1.471,7.216,DDX3X
ENST00000276079.8,5.573,26.435,NONO
ENST00000390314.2,39.680,0.381,IGLV2-11
ENST00000262644.4,0.357,2.873,IMPAD1
ENST00000441556.1,3.611,0.043,CTTNBP2
ENST00000546420.1,8.293,0.040,CCDC64
ENST00000546753.1,35.667,3.477,METAP2
ENST00000341420.4,0.223,2.102,FLRT3
ENST00000470470.1,55.062,0.778,CHD6
ENST00000329271.3,0.490,3.124,GRPEL2
ENST00000261303.8,1.650,35.450,PSMC1
ENST00000512575.1,31.432,1.779,SEPT11
ENST00000376861.1,110.837,0.197,HLA-F
ENST00000425019.1,1.115,5.897,MAP4K4
ENST00000592042.1,2.363,0.070,ST6GALNAC1
ENST00000332180.5,0.268,1.763,KIAA1033
ENST00000300589.2,0.178,1.987,NOD2
ENST00000406397.1,2.987,0.061,VSNL1
ENST00000523944.1,2.363,10.389,MCM4
ENST00000559220.1,67.055,479.590,B2M
ENST00000301634.7,1.382,14.644,TK1
ENST00000556029.1,0.446,2.902,TMPO
ENST00000439109.2,1.115,22.577,NQO1
ENST00000407426.3,659.402,4.706,WDR43
ENST00000457354.2,0.713,13.346,TMX1
ENST00000263277.3,2.943,8.869,EHD2
ENST00000481195.1,0.669,5.446,PPP2CA
ENST00000520456.1,32.814,1.162,NPM2
ENST00000396821.3,2.898,9.026,DDX17
ENST00000488249.1,551.062,0.108,RBM28
ENST00000370763.5,0.312,3.270,DNAJB4
ENST00000495893.2,0.134,0.695,PHC3
ENST00000445463.2,0.580,4.414,SERPINE1
ENST00000398805.3,0.312,2.508,HSDL2
ENST00000282561.3,1.159,24.432,GJA1
